,video,short-term_memorability,long-term_memorability
0,video7494,0.8486599999999999,0.79009
1,video7495,0.8385200000000002,0.7767700000000004
2,video7496,0.85152,0.7872200000000003
3,video7497,0.8564500000000002,0.8037999999999996
4,video7498,0.8526800000000003,0.7948700000000001
5,video7499,0.8466800000000003,0.8063600000000004
6,video7500,0.8562500000000002,0.8091300000000002
7,video7502,0.8419700000000003,0.8007300000000005
8,video7503,0.8468000000000001,0.8069900000000004
9,video7504,0.8501400000000002,0.7954600000000002
10,video7505,0.8617100000000006,0.7919100000000001
11,video7506,0.8526100000000001,0.7642600000000003
12,video7507,0.8550000000000001,0.8018000000000002
13,video7508,0.8472400000000003,0.7995700000000003
14,video7510,0.8476699999999999,0.7975999999999999
15,video7511,0.8535400000000003,0.8032300000000001
16,video7513,0.8676600000000002,0.8001200000000003
17,video7515,0.85419,0.7991600000000004
18,video7516,0.8535300000000001,0.7828599999999999
19,video7517,0.8532100000000002,0.7865100000000004
20,video7518,0.85831,0.8050000000000003
21,video7519,0.8518399999999998,0.8079900000000002
22,video7520,0.8551500000000002,0.7719799999999998
23,video7521,0.8470499999999999,0.8028200000000001
24,video7522,0.8410800000000005,0.7872600000000005
25,video7523,0.8559800000000002,0.8009000000000002
26,video7524,0.8508299999999998,0.8007400000000005
27,video7525,0.8490000000000003,0.7915700000000004
28,video7526,0.8466599999999996,0.8081400000000005
29,video7527,0.8367500000000002,0.7857500000000003
30,video7528,0.8560900000000005,0.8064600000000003
31,video7530,0.8621600000000003,0.8046900000000003
32,video7531,0.8544000000000003,0.7840599999999999
33,video7532,0.8541900000000004,0.7719800000000001
34,video7533,0.8515400000000004,0.78966
35,video7534,0.8486899999999998,0.7930500000000003
36,video7535,0.8532,0.7938600000000002
37,video7536,0.8521000000000002,0.8087900000000002
38,video7538,0.8491900000000004,0.77604
39,video7539,0.8501600000000004,0.7956300000000003
40,video7540,0.8545199999999998,0.7919799999999999
41,video7541,0.8328100000000002,0.7985800000000001
42,video7542,0.839259090909091,0.8037200000000004
43,video7543,0.8384200000000004,0.7812000000000004
44,video7544,0.8449700000000003,0.7718900000000001
45,video7545,0.8673300000000002,0.8110700000000003
46,video7546,0.8392700000000001,0.7955599999999999
47,video7548,0.8623299999999997,0.8026100000000003
48,video7549,0.8552899999999998,0.7836799999999999
49,video7550,0.8384600000000004,0.7917700000000005
50,video7552,0.8402200000000002,0.7857200000000003
51,video7554,0.8545400000000001,0.8215200000000006
52,video7555,0.8421800000000002,0.8021900000000001
53,video7556,0.8563999999999998,0.7890899999999997
54,video7558,0.8408100000000003,0.7844200000000002
55,video7560,0.8400000000000003,0.8027200000000003
56,video7562,0.8505900000000003,0.8013900000000003
57,video7563,0.8688199999999999,0.8008699999999999
58,video7565,0.8487000000000002,0.8011300000000005
59,video7566,0.8564400000000001,0.8051500000000001
60,video7567,0.8412900000000001,0.8006200000000001
61,video7568,0.8461700000000002,0.8085200000000003
62,video7569,0.8366700000000005,0.7971199999999999
63,video7571,0.8501400000000003,0.7985400000000002
64,video7572,0.85552,0.7970499999999998
65,video7573,0.8447800000000002,0.7924200000000002
66,video7574,0.8337500000000003,0.80869
67,video7575,0.8506099999999998,0.7790600000000001
68,video7576,0.8404600000000002,0.8085100000000002
69,video7578,0.8465200000000002,0.8122700000000005
70,video7579,0.86422,0.7700900000000002
71,video7580,0.8532200000000006,0.7745000000000003
72,video7581,0.8450399999999998,0.8044300000000004
73,video7582,0.8484200000000003,0.8041400000000003
74,video7584,0.8484200000000003,0.8014900000000003
75,video7585,0.8492600000000003,0.7945400000000004
76,video7587,0.8498400000000005,0.81381
77,video7588,0.8392499999999999,0.7854200000000001
78,video7589,0.84016,0.8037300000000002
79,video7590,0.85464,0.7928500000000003
80,video7591,0.8339599999999997,0.7907600000000002
81,video7592,0.8368400000000001,0.7831900000000005
82,video7593,0.8529800000000003,0.7754500000000002
83,video7596,0.8557299999999999,0.7950399999999999
84,video7597,0.8674599999999999,0.8145400000000004
85,video7598,0.8563399999999998,0.7831600000000001
86,video7599,0.8460400000000005,0.7841400000000002
87,video7600,0.8354400000000004,0.7711799999999998
88,video7602,0.8567300000000002,0.78337
89,video7603,0.8626200000000003,0.8057699999999999
90,video7604,0.8381699999999997,0.8111300000000002
91,video7605,0.8428200000000002,0.8048200000000003
92,video7606,0.8594700000000002,0.8081300000000003
93,video7607,0.8544599999999999,0.7822700000000001
94,video7608,0.8408590909090908,0.7996100000000002
95,video7609,0.8660700000000006,0.8045000000000003
96,video7610,0.8547700000000001,0.8065200000000005
97,video7611,0.8451700000000002,0.7878999999999999
98,video7612,0.8367000000000001,0.7757999999999996
99,video7613,0.85799,0.8020700000000004
100,video7614,0.8480000000000001,0.8012700000000001
101,video7615,0.8542300000000002,0.78693
102,video7616,0.8484600000000007,0.8160900000000001
103,video7617,0.8548699999999999,0.7988900000000002
104,video7618,0.8532200000000004,0.816
105,video7619,0.8476700000000003,0.7915300000000003
106,video7621,0.8473900000000004,0.7881000000000005
107,video7624,0.8427300000000005,0.8032100000000001
108,video7625,0.8452200000000002,0.7866300000000003
109,video7626,0.8474500000000005,0.78211
110,video7627,0.8540399999999998,0.8002400000000002
111,video7628,0.8492099999999999,0.78846
112,video7629,0.8499100000000004,0.7700999999999999
113,video7631,0.8448900000000001,0.8077900000000002
114,video7632,0.840209090909091,0.7681100000000005
115,video7633,0.8487000000000002,0.7903100000000002
116,video7634,0.8325799999999997,0.7564000000000003
117,video7635,0.8435300000000002,0.7908100000000001
118,video7636,0.8418000000000001,0.7811900000000002
119,video7637,0.8463799999999999,0.8270100000000004
120,video7638,0.8457900000000005,0.7923700000000004
121,video7640,0.8476500000000005,0.7864600000000004
122,video7641,0.8474300000000006,0.7999100000000005
123,video7642,0.8461600000000002,0.8073700000000005
124,video7643,0.8377499999999999,0.7824500000000001
125,video7644,0.8681600000000002,0.7995399999999999
126,video7646,0.8457399999999997,0.8081400000000005
127,video7647,0.8575100000000003,0.80377
128,video7648,0.8501600000000002,0.8058100000000004
129,video7649,0.8541500000000003,0.8053400000000004
130,video7650,0.8501200000000003,0.8000100000000002
131,video7651,0.8576800000000001,0.80349
132,video7652,0.8544300000000002,0.8055800000000004
133,video7654,0.8577900000000003,0.7792700000000002
134,video7655,0.8335100000000003,0.7706700000000001
135,video7656,0.8538800000000003,0.7660199999999999
136,video7657,0.8451800000000002,0.7746300000000003
137,video7659,0.8347600000000004,0.7690700000000001
138,video7660,0.8558600000000002,0.7942000000000004
139,video7661,0.8569800000000004,0.7804400000000002
140,video7662,0.8675800000000001,0.8232700000000002
141,video7664,0.85442,0.7944500000000002
142,video7665,0.8433700000000003,0.7881600000000004
143,video7667,0.8608900000000006,0.7840100000000002
144,video7669,0.8504200000000001,0.7956100000000003
145,video7670,0.8561399999999999,0.7813199999999998
146,video7671,0.8460600000000005,0.7842900000000002
147,video7672,0.8576500000000002,0.8095500000000001
148,video7673,0.8479799999999998,0.7981299999999999
149,video7674,0.8338899999999997,0.7907600000000002
150,video7675,0.8474300000000002,0.79854
151,video7676,0.8388400000000003,0.7711400000000004
152,video7677,0.8587700000000003,0.7781300000000003
153,video7678,0.8622400000000002,0.8132700000000006
154,video7679,0.85434,0.7930800000000003
155,video7680,0.8447490909090911,0.80542
156,video7681,0.8538100000000002,0.79624
157,video7682,0.8501900000000003,0.8035400000000001
158,video7683,0.8567799999999999,0.79208
159,video7686,0.8500000000000003,0.7812400000000004
160,video7687,0.8446700000000003,0.7931600000000004
161,video7688,0.8503799999999998,0.8009600000000003
162,video7689,0.8382100000000001,0.7637700000000004
163,video7690,0.8489700000000004,0.7967600000000004
164,video7691,0.8475600000000005,0.812
165,video7692,0.8426699999999998,0.78649
166,video7694,0.8536800000000002,0.7859500000000003
167,video7696,0.8452599999999998,0.8081400000000005
168,video7697,0.8435900000000003,0.7999400000000008
169,video7698,0.8385899999999998,0.77667
170,video7699,0.85382,0.7988600000000006
171,video7701,0.8429699999999998,0.8063900000000004
172,video7702,0.8601800000000001,0.7981599999999999
173,video7703,0.85188,0.8121100000000004
174,video7704,0.8542500000000001,0.8111000000000003
175,video7705,0.8525000000000007,0.7866000000000003
176,video7706,0.8474000000000003,0.8063800000000001
177,video7707,0.8605900000000003,0.7839800000000003
178,video7710,0.8443100000000002,0.78387
179,video7711,0.8524300000000002,0.8003500000000001
180,video7713,0.8545000000000001,0.7979999999999999
181,video7714,0.8428200000000002,0.8048200000000003
182,video7715,0.8519500000000002,0.7920200000000003
183,video7716,0.8541300000000005,0.7796000000000002
184,video7717,0.8645799999999998,0.79584
185,video7718,0.8485599999999998,0.7915799999999998
186,video7719,0.85675,0.8207700000000004
187,video7720,0.8509300000000002,0.80254
188,video7721,0.8466400000000002,0.7958500000000002
189,video7722,0.8539000000000001,0.7847499999999998
190,video7723,0.8363700000000001,0.7716200000000002
191,video7724,0.85229,0.8074300000000001
192,video7725,0.8472700000000006,0.8008900000000001
193,video7726,0.8500700000000001,0.8106900000000001
194,video7728,0.8491700000000003,0.7928800000000003
195,video7729,0.84185,0.8041100000000005
196,video7731,0.8411300000000003,0.8045400000000003
197,video7732,0.8322299999999998,0.7296700000000002
198,video7736,0.8559399999999999,0.7865899999999998
199,video7737,0.8469300000000001,0.8004400000000004
200,video7738,0.8598800000000005,0.8061100000000003
201,video7739,0.8544700000000003,0.7752900000000001
202,video7740,0.8463300000000002,0.7994900000000003
203,video7741,0.8553999999999999,0.7909600000000002
204,video7742,0.8489400000000004,0.78366
205,video7743,0.8454000000000002,0.8057800000000003
206,video7745,0.8467100000000002,0.75465
207,video7746,0.8369499999999997,0.7812799999999998
208,video7748,0.8481800000000003,0.7931700000000005
209,video7749,0.8532399999999999,0.78361
210,video7751,0.8610900000000004,0.79889
211,video7752,0.8440100000000004,0.77487
212,video7753,0.8468700000000005,0.7905100000000005
213,video7754,0.8446300000000005,0.79385
214,video7756,0.8678200000000005,0.76618
215,video7757,0.86164,0.7923200000000001
216,video7758,0.8411200000000002,0.7997600000000001
217,video7759,0.8363700000000001,0.7747800000000001
218,video7760,0.8559399999999999,0.7865899999999998
219,video7761,0.8587400000000001,0.7983700000000001
220,video7762,0.86056,0.7958200000000004
221,video7763,0.8452200000000001,0.7910499999999999
222,video7769,0.8601300000000001,0.8026499999999998
223,video7770,0.8543799999999999,0.79396
224,video7771,0.8552400000000003,0.77606
225,video7772,0.8579600000000001,0.7935900000000002
226,video7773,0.8466400000000003,0.7885400000000002
227,video7774,0.8597699999999997,0.7992699999999999
228,video7775,0.8696700000000003,0.7908300000000003
229,video7777,0.8466800000000002,0.7866600000000004
230,video7780,0.8363900000000002,0.7788400000000002
231,video7782,0.8397700000000001,0.7973900000000002
232,video7783,0.8418299999999997,0.81423
233,video7784,0.8585200000000005,0.7849200000000002
234,video7785,0.8456800000000004,0.7871900000000003
235,video7786,0.8648600000000002,0.7901699999999999
236,video7787,0.8344400000000003,0.7745500000000004
237,video7788,0.8542000000000004,0.7888800000000004
238,video7789,0.8552200000000002,0.8084
239,video7792,0.84435,0.8054000000000004
240,video7793,0.84926,0.7856700000000003
241,video7795,0.8327100000000001,0.7293499999999998
242,video7799,0.8610400000000002,0.78826
243,video7800,0.8567800000000002,0.7859100000000001
244,video7801,0.8434100000000005,0.7896100000000003
245,video7802,0.82987,0.8101200000000004
246,video7803,0.8559200000000005,0.7869900000000003
247,video7804,0.8623600000000005,0.8186199999999999
248,video7805,0.8363700000000001,0.7756000000000002
249,video7806,0.8502200000000002,0.7852699999999999
250,video7807,0.865329090909091,0.8144899999999999
251,video7808,0.8517500000000005,0.7837900000000002
252,video7809,0.8396900000000005,0.7902800000000002
253,video7811,0.8382200000000006,0.8055700000000003
254,video7812,0.85104,0.8010799999999996
255,video7813,0.8486400000000001,0.7794300000000003
256,video7815,0.8608,0.80302
257,video7816,0.8698100000000001,0.81048
258,video7817,0.8346900000000003,0.7784199999999999
259,video7818,0.8417100000000004,0.7858900000000001
260,video7819,0.8462900000000003,0.7942
261,video7820,0.8425000000000005,0.8036600000000002
262,video7821,0.8526100000000005,0.77947
263,video7822,0.8450500000000001,0.8062500000000002
264,video7823,0.8570600000000002,0.7900000000000001
265,video7824,0.8539900000000002,0.7758700000000003
266,video7825,0.87091,0.7973900000000002
267,video7826,0.8698099999999998,0.8165800000000004
268,video7828,0.86262,0.8032300000000001
269,video7830,0.8539000000000001,0.7847499999999998
270,video7831,0.8363300000000001,0.7884500000000001
271,video7832,0.8586000000000005,0.7808200000000002
272,video7833,0.84812,0.7899299999999999
273,video7834,0.85879,0.7894700000000001
274,video7835,0.8460300000000001,0.7934900000000001
275,video7837,0.8502900000000001,0.7923300000000001
276,video7838,0.8384400000000002,0.7937800000000003
277,video7839,0.8457500000000006,0.7780300000000002
278,video7840,0.8315000000000002,0.79117
279,video7841,0.8471500000000002,0.7901500000000001
280,video7842,0.8396200000000004,0.8080800000000002
281,video7844,0.8596700000000002,0.7734800000000004
282,video7846,0.8534700000000001,0.8018900000000001
283,video7848,0.8455500000000004,0.7780500000000004
284,video7849,0.8584300000000004,0.7734600000000001
285,video7851,0.8512000000000002,0.8107400000000002
286,video7852,0.8444700000000002,0.8004600000000005
287,video7853,0.8461000000000003,0.8059300000000004
288,video7854,0.8490300000000005,0.7985300000000002
289,video7856,0.8605599999999997,0.8236600000000004
290,video7858,0.8536400000000002,0.7995600000000002
291,video7861,0.8566999999999999,0.8161800000000002
292,video7862,0.8511300000000004,0.7915900000000003
293,video7863,0.8630100000000003,0.7985799999999998
294,video7865,0.84834,0.8063400000000002
295,video7867,0.85439,0.7878699999999997
296,video7868,0.8524400000000001,0.8120500000000002
297,video7869,0.85572,0.7940499999999997
298,video7872,0.8558000000000002,0.8172099999999999
299,video7873,0.8616600000000002,0.79093
300,video7874,0.8383000000000002,0.7918800000000001
301,video7875,0.8484200000000003,0.8048200000000003
302,video7878,0.8459500000000003,0.7739800000000003
303,video7879,0.8549400000000001,0.8089600000000003
304,video7880,0.8314700000000004,0.7901200000000002
305,video7883,0.84177,0.7716299999999998
306,video7884,0.8494800000000002,0.7850600000000001
307,video7885,0.8545800000000002,0.8084
308,video7886,0.8530600000000002,0.8047400000000003
309,video7887,0.8485590909090912,0.7894900000000001
310,video7888,0.85345,0.80023
311,video7889,0.8386499999999998,0.7832300000000002
312,video7890,0.8465199999999998,0.7970300000000003
313,video7891,0.8547600000000004,0.7917599999999999
314,video7892,0.8488800000000003,0.7955300000000005
315,video7893,0.8428200000000002,0.8048200000000003
316,video7894,0.8485599999999998,0.7915799999999998
317,video7895,0.8485600000000005,0.8012600000000002
318,video7896,0.8426300000000001,0.7881400000000001
319,video7897,0.8509900000000005,0.7811300000000004
320,video7898,0.8445199999999997,0.81022
321,video7899,0.8655499999999998,0.8011099999999999
322,video7901,0.8483900000000001,0.7994800000000004
323,video7902,0.8451900000000001,0.8068000000000002
324,video7903,0.8481400000000003,0.7864600000000004
325,video7904,0.8475600000000003,0.8137500000000003
326,video7906,0.85343,0.7683200000000003
327,video7907,0.8462999999999999,0.7922400000000003
328,video7908,0.83081,0.76664
329,video7909,0.8521899999999999,0.7987500000000002
330,video7910,0.8455400000000004,0.7927700000000003
331,video7912,0.8359200000000004,0.7890700000000007
332,video7913,0.8543200000000004,0.7800600000000003
333,video7915,0.8382500000000002,0.8003500000000003
334,video7916,0.85812,0.8136200000000001
335,video7917,0.8439800000000003,0.7906400000000002
336,video7918,0.8450000000000004,0.7985200000000002
337,video7919,0.8533399999999998,0.76472
338,video7920,0.8458400000000004,0.7942200000000006
339,video7921,0.8443500000000003,0.7903800000000004
340,video7923,0.8517600000000003,0.7838200000000001
341,video7925,0.8497200000000005,0.7869200000000002
342,video7926,0.8562599999999999,0.7850799999999997
343,video7927,0.8456800000000001,0.7895100000000004
344,video7928,0.8458700000000001,0.7977600000000002
345,video7929,0.8320500000000003,0.8004300000000005
346,video7930,0.8493200000000001,0.7935800000000005
347,video7931,0.8558100000000002,0.8043299999999998
348,video7933,0.8510300000000001,0.7982299999999999
349,video7935,0.8436400000000005,0.7854300000000003
350,video7936,0.8701200000000004,0.7901599999999999
351,video7939,0.8579500000000002,0.8013300000000001
352,video7940,0.8564100000000002,0.8013200000000005
353,video7941,0.8516599999999999,0.77839
354,video7942,0.8481600000000001,0.8020400000000003
355,video7944,0.8439900000000002,0.7760400000000002
356,video7945,0.8525999999999996,0.8234700000000005
357,video7946,0.84198,0.7647600000000001
358,video7947,0.83485,0.7746300000000003
359,video7948,0.8483500000000004,0.80001
360,video7951,0.8505700000000005,0.8109800000000003
361,video7952,0.8456600000000001,0.7627700000000002
362,video7953,0.8461499999999998,0.77364
363,video7954,0.8469500000000002,0.7876200000000003
364,video7955,0.8483300000000004,0.7845799999999999
365,video7956,0.8463099999999997,0.8081400000000005
366,video7957,0.8415400000000004,0.7808100000000003
367,video7958,0.8451100000000001,0.7928500000000003
368,video7959,0.8706300000000001,0.8024400000000003
369,video7961,0.8596100000000003,0.79354
370,video7962,0.8391100000000005,0.7768600000000001
371,video7963,0.8373300000000004,0.8062799999999999
372,video7964,0.84311,0.7763800000000002
373,video7967,0.8606490909090909,0.8052300000000001
374,video7969,0.8374900000000004,0.7797700000000002
375,video7970,0.8536799999999998,0.7819300000000001
376,video7972,0.8474700000000003,0.80226
377,video7973,0.8428200000000002,0.8048200000000003
378,video7975,0.83242,0.76669
379,video7976,0.8394699999999997,0.78963
380,video7977,0.8478200000000002,0.80385
381,video7980,0.8478499999999997,0.80637
382,video7981,0.8505100000000003,0.8016800000000001
383,video7983,0.8505800000000001,0.8035000000000001
384,video7984,0.8393700000000004,0.7869100000000004
385,video7985,0.8673599999999999,0.8012700000000003
386,video7986,0.8526800000000001,0.7995200000000006
387,video7987,0.8532800000000005,0.7853400000000005
388,video7988,0.84799,0.8085400000000001
389,video7990,0.8626099999999997,0.8145000000000004
390,video7991,0.8461700000000002,0.7961600000000001
391,video7992,0.8506500000000002,0.7823900000000001
392,video7993,0.8449500000000003,0.7535399999999999
393,video7994,0.85639,0.7862599999999997
394,video7995,0.8613900000000001,0.79136
395,video7996,0.8596600000000001,0.7977599999999999
396,video7997,0.8495100000000003,0.8001000000000001
397,video7998,0.8454400000000003,0.7761800000000001
398,video7999,0.84695,0.7807000000000004
399,video8000,0.8615500000000001,0.77997
400,video8001,0.8541300000000005,0.7796000000000002
401,video8002,0.8582300000000003,0.78066
402,video8004,0.8581800000000002,0.7808700000000001
403,video8008,0.8484100000000002,0.8032800000000003
404,video8009,0.85962,0.7896900000000003
405,video8010,0.8505299999999998,0.7868100000000002
406,video8012,0.8574800000000002,0.78982
407,video8013,0.8455600000000001,0.76696
408,video8014,0.8368300000000002,0.7751199999999996
409,video8015,0.84958,0.7830400000000003
410,video8016,0.8481100000000003,0.7997500000000004
411,video8018,0.8472099999999998,0.81599
412,video8019,0.8551899999999998,0.7836500000000001
413,video8021,0.8460400000000005,0.7824300000000002
414,video8022,0.8536699999999997,0.78361
415,video8023,0.84738,0.7788100000000001
416,video8024,0.8402,0.8069500000000002
417,video8026,0.8552200000000002,0.8093
418,video8027,0.8473900000000004,0.7864600000000004
419,video8028,0.8604200000000006,0.7765200000000004
420,video8029,0.8613099999999997,0.8222700000000003
421,video8030,0.8672800000000004,0.79307
422,video8032,0.8461000000000003,0.7990500000000005
423,video8033,0.8457899999999999,0.7939300000000002
424,video8035,0.8517999999999999,0.8071700000000006
425,video8036,0.8622799999999998,0.80341
426,video8037,0.8482300000000003,0.7923000000000003
427,video8038,0.8483800000000002,0.76658
428,video8040,0.8539399999999999,0.7871599999999997
429,video8041,0.8512000000000003,0.7968900000000002
430,video8042,0.8438699999999997,0.7953000000000001
431,video8043,0.8526399999999998,0.79963
432,video8044,0.8443500000000003,0.8048200000000003
433,video8045,0.8563299999999998,0.7927399999999998
434,video8047,0.8426400000000003,0.7857000000000001
435,video8048,0.863,0.7899
436,video8049,0.8453100000000007,0.79743
437,video8050,0.8459700000000002,0.7944499999999999
438,video8051,0.8493000000000005,0.7903700000000004
439,video8052,0.8493300000000003,0.7807700000000004
440,video8054,0.84557,0.7893000000000003
441,video8056,0.8362200000000004,0.8068500000000001
442,video8057,0.8353400000000003,0.7827
443,video8058,0.8635700000000004,0.7866500000000002
444,video8059,0.8434100000000002,0.8029200000000004
445,video8060,0.8638000000000002,0.7935700000000001
446,video8061,0.8358200000000002,0.7632299999999997
447,video8062,0.8494200000000002,0.7908700000000003
448,video8063,0.8440700000000002,0.78346
449,video8064,0.8467500000000001,0.8017700000000001
450,video8065,0.8507300000000003,0.7939300000000005
451,video8066,0.8501990909090908,0.8022100000000002
452,video8067,0.8523200000000004,0.7688700000000002
453,video8068,0.8492900000000004,0.8028400000000008
454,video8069,0.8494500000000003,0.7839700000000004
455,video8071,0.8420899999999998,0.8052100000000004
456,video8072,0.8567000000000004,0.7951900000000002
457,video8073,0.8512700000000005,0.7825400000000003
458,video8074,0.8368300000000002,0.7767099999999997
459,video8075,0.8446900000000004,0.7755000000000004
460,video8076,0.8533300000000003,0.7860600000000001
461,video8077,0.8449100000000003,0.8046600000000004
462,video8078,0.8495300000000005,0.7880000000000001
463,video8079,0.8612100000000001,0.7763000000000001
464,video8080,0.8626399999999996,0.80305
465,video8081,0.8410900000000001,0.7876600000000005
466,video8082,0.8544700000000002,0.7687900000000001
467,video8084,0.8624800000000004,0.80057
468,video8085,0.84815,0.7925199999999998
469,video8086,0.8500800000000004,0.7815200000000001
470,video8087,0.8533900000000001,0.7863300000000002
471,video8088,0.8392499999999999,0.7779600000000001
472,video8089,0.8588799999999998,0.7976999999999999
473,video8090,0.8460400000000005,0.7824300000000002
474,video8091,0.8421700000000001,0.8096900000000001
475,video8092,0.8531599999999999,0.8067300000000003
476,video8095,0.8362000000000003,0.78114
477,video8096,0.8430799999999996,0.8055600000000004
478,video8097,0.860189090909091,0.8031000000000003
479,video8098,0.8516200000000004,0.8038100000000005
480,video8100,0.8545600000000002,0.7679699999999999
481,video8101,0.8502800000000005,0.7790200000000002
482,video8102,0.8555200000000001,0.8066900000000001
483,video8103,0.8544100000000003,0.8113000000000004
484,video8104,0.83162,0.78024
485,video8105,0.8563399999999998,0.7831600000000001
486,video8108,0.8535300000000001,0.7800100000000001
487,video8109,0.8430700000000005,0.7909900000000002
488,video8110,0.8547800000000003,0.7676700000000005
489,video8111,0.8520600000000003,0.7848700000000002
490,video8112,0.8522600000000005,0.8031200000000004
491,video8113,0.8591599999999998,0.79927
492,video8114,0.8394899999999998,0.7853800000000001
493,video8115,0.8267500000000002,0.7739700000000005
494,video8118,0.8511300000000003,0.7732300000000001
495,video8120,0.8491299999999999,0.7889599999999999
496,video8121,0.8637700000000005,0.7875700000000001
497,video8122,0.8440000000000001,0.79182
498,video8123,0.8482900000000001,0.78075
499,video8124,0.8553300000000001,0.8010500000000002
500,video8126,0.8368300000000002,0.7718299999999997
501,video8127,0.8441200000000003,0.7837800000000001
502,video8128,0.85567,0.7706999999999999
503,video8131,0.8438500000000001,0.7888599999999998
504,video8132,0.8464000000000002,0.7811000000000002
505,video8134,0.8395800000000001,0.78378
506,video8136,0.84493,0.7768600000000001
507,video8137,0.8422599999999999,0.7884500000000001
508,video8138,0.8501500000000004,0.8053400000000004
509,video8140,0.8608200000000003,0.7857999999999999
510,video8142,0.8450400000000002,0.8000600000000003
511,video8145,0.8420300000000005,0.7639600000000002
512,video8146,0.8430700000000004,0.7925500000000001
513,video8147,0.8400300000000003,0.8017500000000001
514,video8149,0.8515200000000004,0.7753300000000004
515,video8150,0.8418200000000003,0.7918300000000005
516,video8151,0.8468300000000003,0.8062800000000001
517,video8152,0.8547100000000003,0.7938100000000001
518,video8153,0.8668399999999999,0.79083
519,video8155,0.8541200000000001,0.8142600000000003
520,video8156,0.8595900000000003,0.8147500000000001
521,video8157,0.8640199999999999,0.7997999999999998
522,video8158,0.8318300000000002,0.7843300000000002
523,video8159,0.8415300000000002,0.8044800000000002
524,video8161,0.85374,0.8059200000000003
525,video8162,0.8504700000000003,0.7785100000000006
526,video8163,0.8278800000000001,0.7904400000000001
527,video8165,0.8559399999999999,0.7865899999999998
528,video8166,0.8470099999999998,0.79799
529,video8167,0.8482099999999998,0.7866000000000003
530,video8168,0.8545700000000003,0.8056
531,video8169,0.8438200000000002,0.8112100000000007
532,video8170,0.8457200000000004,0.7885300000000002
533,video8171,0.8518500000000003,0.8066200000000001
534,video8172,0.86178,0.8026099999999997
535,video8174,0.8412800000000005,0.7909200000000003
536,video8175,0.8547100000000002,0.8116000000000001
537,video8178,0.8541300000000005,0.7796000000000002
538,video8179,0.8551400000000006,0.7829400000000003
539,video8180,0.85234,0.78429
540,video8181,0.8514900000000004,0.8067500000000001
541,video8182,0.83687,0.7746300000000003
542,video8184,0.8611900000000001,0.7917800000000002
543,video8185,0.8520500000000004,0.7995200000000005
544,video8186,0.8484300000000004,0.8064699999999999
545,video8187,0.8570100000000003,0.79134
546,video8188,0.8436800000000004,0.7931600000000002
547,video8189,0.8552600000000002,0.7727700000000002
548,video8190,0.8497590909090913,0.7765100000000001
549,video8191,0.8467299999999999,0.7756000000000001
550,video8192,0.8469300000000003,0.7996700000000004
551,video8193,0.8617799999999999,0.78537
552,video8194,0.86488,0.81226
553,video8195,0.8449200000000004,0.7912800000000004
554,video8196,0.8409299999999998,0.8143300000000001
555,video8197,0.8504599999999999,0.78268
556,video8198,0.8536400000000003,0.7993000000000003
557,video8199,0.8443500000000003,0.8014900000000003
558,video8200,0.8443500000000003,0.8014900000000003
559,video8201,0.8449800000000001,0.8129300000000002
560,video8202,0.8437199999999997,0.7934800000000002
561,video8205,0.8451099999999999,0.7687199999999997
562,video8206,0.8520100000000003,0.7992900000000005
563,video8207,0.8424790909090915,0.7831300000000003
564,video8208,0.8463099999999997,0.8081400000000005
565,video8209,0.8588600000000001,0.8024300000000004
566,video8210,0.8479300000000005,0.7900200000000005
567,video8211,0.8446000000000001,0.7712700000000002
568,video8214,0.8559399999999999,0.7865899999999998
569,video8215,0.8202000000000003,0.79706
570,video8216,0.8565400000000005,0.76676
571,video8217,0.8413800000000002,0.7789900000000003
572,video8218,0.8475600000000004,0.8065000000000001
573,video8219,0.8429699999999998,0.8031400000000005
574,video8220,0.8642800000000003,0.8110300000000005
575,video8221,0.86153,0.7766
576,video8222,0.8473100000000001,0.8066300000000004
577,video8224,0.8492600000000003,0.7915100000000003
578,video8225,0.8411500000000003,0.7996400000000002
579,video8226,0.8437899999999999,0.7963100000000002
580,video8227,0.84122,0.7929200000000006
581,video8228,0.8467500000000004,0.8030300000000002
582,video8229,0.8521090909090907,0.8108999999999997
583,video8230,0.8460900000000002,0.8125700000000002
584,video8231,0.84087,0.7982700000000003
585,video8233,0.8317690909090915,0.7749300000000002
586,video8234,0.8672800000000004,0.79307
587,video8235,0.8623700000000004,0.77944
588,video8236,0.8584000000000002,0.7841300000000002
589,video8238,0.8519300000000003,0.7743700000000001
590,video8239,0.8504000000000002,0.7985800000000002
591,video8240,0.8339399999999999,0.7299599999999999
592,video8241,0.8420799999999998,0.7805699999999999
593,video8243,0.8513400000000001,0.8162000000000004
594,video8245,0.84728,0.7820899999999998
595,video8246,0.8549200000000002,0.7840700000000003
596,video8247,0.8494200000000005,0.8006900000000001
597,video8249,0.8494700000000001,0.78961
598,video8251,0.8433200000000001,0.7957000000000002
599,video8252,0.8502600000000006,0.7663399999999999
600,video8253,0.8539900000000002,0.8065400000000003
601,video8254,0.8397000000000002,0.7827100000000001
602,video8256,0.8339100000000002,0.7945200000000001
603,video8259,0.8672800000000004,0.79307
604,video8260,0.8635199999999998,0.8224900000000005
605,video8261,0.8330399999999999,0.7774000000000001
606,video8263,0.8576400000000001,0.7920300000000003
607,video8265,0.8476100000000006,0.7761800000000005
608,video8266,0.8604600000000001,0.8087099999999999
609,video8267,0.85004,0.7998900000000004
610,video8268,0.8619100000000001,0.80214
611,video8269,0.8496499999999999,0.7881200000000003
612,video8271,0.8581900000000001,0.7959600000000003
613,video8272,0.8507200000000001,0.7991400000000003
614,video8274,0.8529690909090912,0.8174000000000001
615,video8275,0.8498500000000001,0.7968800000000005
616,video8276,0.8457800000000003,0.7719700000000002
617,video8277,0.84163,0.8058600000000005
618,video8279,0.8527400000000003,0.7910099999999999
619,video8280,0.8368300000000002,0.7767099999999997
620,video8282,0.8605500000000003,0.7914900000000001
621,video8283,0.8398000000000002,0.7791100000000002
622,video8284,0.8684799999999998,0.8191800000000004
623,video8286,0.8552200000000002,0.7808900000000001
624,video8287,0.8554,0.77306
625,video8288,0.84571,0.8042600000000003
626,video8289,0.8538,0.7896200000000003
627,video8290,0.8460400000000005,0.7822800000000002
628,video8291,0.8463500000000004,0.7889300000000005
629,video8292,0.8384000000000004,0.80546
630,video8293,0.8525500000000004,0.7853600000000001
631,video8294,0.8438200000000003,0.8041300000000002
632,video8295,0.8504500000000003,0.7854000000000003
633,video8296,0.8531290909090908,0.8003500000000003
634,video8297,0.8510400000000006,0.7987200000000003
635,video8299,0.8566500000000005,0.7718400000000003
636,video8300,0.8374900000000001,0.77916
637,video8301,0.8376600000000003,0.76934
638,video8303,0.8559399999999999,0.7865899999999998
639,video8304,0.8572590909090908,0.7992100000000001
640,video8305,0.8388700000000003,0.7993700000000002
641,video8306,0.8300100000000001,0.8006500000000003
642,video8308,0.86994,0.7909400000000001
643,video8309,0.84729,0.8012499999999999
644,video8310,0.8423799999999997,0.8020700000000005
645,video8311,0.8595400000000001,0.8092699999999999
646,video8313,0.8443599999999998,0.8120900000000002
647,video8314,0.8473200000000003,0.81159
648,video8316,0.85206,0.7591999999999999
649,video8317,0.8473200000000002,0.7937500000000004
650,video8318,0.8471900000000002,0.75461
651,video8319,0.84663,0.7776800000000003
652,video8322,0.8501000000000002,0.7881300000000002
653,video8323,0.8409600000000002,0.8077900000000002
654,video8324,0.8495000000000004,0.8080100000000006
655,video8325,0.8428200000000002,0.8024900000000003
656,video8326,0.8506600000000003,0.7927400000000003
657,video8327,0.8432600000000001,0.7864300000000002
658,video8328,0.84638,0.7951400000000004
659,video8329,0.8448499999999997,0.78003
660,video8330,0.8633200000000005,0.7777400000000001
661,video8331,0.8493600000000004,0.7757000000000004
662,video8333,0.8440000000000001,0.8142499999999998
663,video8334,0.86182,0.8041200000000002
664,video8335,0.8528400000000005,0.7660799999999999
665,video8336,0.84756,0.7547499999999999
666,video8337,0.84334,0.8039600000000005
667,video8338,0.8593899999999998,0.8091200000000002
668,video8339,0.8618300000000003,0.79667
669,video8341,0.8453399999999998,0.7774100000000002
670,video8344,0.8653800000000003,0.8177199999999999
671,video8345,0.8287500000000001,0.8008000000000002
672,video8346,0.8573899999999998,0.78294
673,video8347,0.8517300000000004,0.8152000000000001
674,video8348,0.8426900000000002,0.7965500000000005
675,video8349,0.84829,0.7910699999999998
676,video8350,0.85649,0.78952
677,video8351,0.8607400000000002,0.7861100000000002
678,video8352,0.8611000000000003,0.8126000000000002
679,video8353,0.8397299999999999,0.7565600000000002
680,video8354,0.8458800000000002,0.7552100000000002
681,video8355,0.8475700000000002,0.8032600000000003
682,video8356,0.8494699999999998,0.77429
683,video8357,0.8435000000000001,0.80261
684,video8358,0.8485300000000001,0.8059500000000004
685,video8359,0.8581000000000002,0.7774900000000001
686,video8360,0.8546200000000002,0.7818600000000003
687,video8361,0.8270700000000002,0.78937
688,video8363,0.8531400000000002,0.7994400000000003
689,video8364,0.8616099999999998,0.8104800000000002
690,video8365,0.8448600000000002,0.7868800000000004
691,video8366,0.8447800000000002,0.7892500000000002
692,video8367,0.8646299999999999,0.8083300000000001
693,video8368,0.8383399999999999,0.7816300000000002
694,video8369,0.85519,0.7810400000000002
695,video8371,0.8633800000000003,0.7816200000000001
696,video8374,0.8494999999999999,0.7895999999999997
697,video8375,0.8630500000000005,0.7624200000000001
698,video8377,0.8592399999999999,0.8162400000000002
699,video8378,0.8409799999999996,0.7971799999999998
700,video8379,0.8511500000000005,0.7847400000000002
701,video8380,0.8527800000000002,0.7965099999999999
702,video8381,0.8356000000000005,0.78585
703,video8382,0.8407400000000003,0.7864000000000001
704,video8383,0.85067,0.76688
705,video8384,0.8578899999999998,0.79515
706,video8385,0.8338400000000001,0.7721699999999998
707,video8386,0.8463099999999997,0.8075500000000005
708,video8387,0.8559399999999999,0.7865899999999998
709,video8389,0.8549200000000003,0.7842000000000001
710,video8390,0.8481000000000004,0.80918
711,video8394,0.8437300000000002,0.8026200000000003
712,video8395,0.8526399999999998,0.8136900000000002
713,video8396,0.8364499999999998,0.7653900000000003
714,video8397,0.8558999999999999,0.7831700000000003
715,video8398,0.8525800000000001,0.78716
716,video8399,0.8278600000000005,0.7548400000000002
717,video8400,0.8520399999999999,0.7819000000000004
718,video8401,0.8495400000000002,0.7697000000000003
719,video8402,0.8418999999999999,0.7832500000000003
720,video8403,0.8559300000000004,0.7686
721,video8405,0.8563399999999998,0.7831600000000001
722,video8406,0.85901,0.8161099999999999
723,video8407,0.8520799999999998,0.8072399999999998
724,video8409,0.8456099999999998,0.8081400000000005
725,video8410,0.8469700000000002,0.8150100000000002
726,video8414,0.8446590909090915,0.8008600000000005
727,video8415,0.8503600000000004,0.8045500000000001
728,video8420,0.84576,0.7741100000000003
729,video8421,0.8459700000000003,0.78828
730,video8422,0.8333800000000001,0.8041100000000003
731,video8423,0.83179,0.73102
732,video8425,0.8474000000000003,0.7940000000000005
733,video8426,0.8485900000000005,0.7916600000000006
734,video8427,0.8366299999999995,0.7849300000000001
735,video8428,0.8569100000000005,0.7949300000000001
736,video8429,0.84665,0.7715200000000002
737,video8430,0.8542900000000003,0.8013600000000001
738,video8433,0.8553200000000004,0.7660499999999999
739,video8434,0.8527500000000005,0.78726
740,video8435,0.8643499999999998,0.8153200000000004
741,video8436,0.85639,0.7892599999999997
742,video8437,0.8382800000000004,0.8053300000000004
743,video8438,0.850529090909091,0.8117500000000003
744,video8439,0.8512999999999998,0.7807000000000001
745,video8441,0.8479100000000003,0.79531
746,video8442,0.85354,0.77341
747,video8443,0.8520499999999999,0.8110300000000001
748,video8444,0.85532,0.80094
749,video8446,0.8686700000000005,0.7824699999999999
750,video8447,0.8512600000000003,0.7965600000000004
751,video8448,0.8427100000000003,0.7917900000000003
752,video8449,0.8569800000000001,0.7936
753,video8451,0.8491700000000002,0.8017200000000004
754,video8452,0.8447800000000002,0.7757100000000002
755,video8453,0.84529,0.8114699999999999
756,video8454,0.8559399999999999,0.7865899999999998
757,video8455,0.8463300000000002,0.8042200000000004
758,video8456,0.8507400000000005,0.7681399999999999
759,video8458,0.8468000000000001,0.8087700000000004
760,video8459,0.84662,0.8022100000000003
761,video8461,0.8634399999999997,0.8255100000000006
762,video8464,0.8586199999999999,0.7957499999999997
763,video8465,0.8371700000000005,0.80294
764,video8466,0.8543000000000002,0.7730100000000003
765,video8468,0.83933,0.7997100000000004
766,video8470,0.8571800000000005,0.8027600000000003
767,video8471,0.8456100000000001,0.7904500000000002
768,video8472,0.8407699999999998,0.7970700000000005
769,video8473,0.8535100000000004,0.79665
770,video8474,0.86476,0.8147200000000001
771,video8475,0.8477600000000006,0.7782100000000001
772,video8476,0.8565600000000003,0.8001900000000001
773,video8477,0.8621399999999998,0.8043100000000003
774,video8478,0.8659400000000008,0.78718
775,video8479,0.84718,0.7924500000000001
776,video8480,0.8363700000000001,0.7756000000000002
777,video8481,0.8462900000000001,0.78181
778,video8482,0.8630599999999997,0.8249200000000004
779,video8485,0.8410899999999997,0.7868900000000002
780,video8487,0.8460600000000005,0.7833600000000003
781,video8488,0.8574700000000003,0.7986800000000001
782,video8489,0.8516000000000004,0.8096100000000002
783,video8491,0.8439500000000001,0.7787200000000003
784,video8492,0.8517799999999996,0.8017500000000001
785,video8493,0.84431,0.7840400000000003
786,video8494,0.8384190909090913,0.7724900000000002
787,video8495,0.8497700000000001,0.8165500000000001
788,video8496,0.8564699999999997,0.78177
789,video8497,0.84343,0.7812100000000001
790,video8498,0.8576799999999996,0.7943599999999997
791,video8499,0.8470000000000003,0.7842200000000003
792,video8500,0.8637500000000005,0.7872
793,video8503,0.8599900000000003,0.8114200000000001
794,video8504,0.8592,0.8113000000000006
795,video8505,0.8410799999999999,0.7779900000000002
796,video8506,0.8513800000000004,0.80043
797,video8507,0.85275,0.7896200000000002
798,video8508,0.8467800000000001,0.79144
799,video8509,0.8411800000000003,0.7850900000000004
800,video8510,0.8423900000000002,0.7959400000000001
801,video8512,0.8547300000000004,0.7597899999999999
802,video8513,0.8484700000000004,0.7799100000000001
803,video8514,0.8448200000000001,0.80861
804,video8515,0.8498899999999998,0.7936699999999999
805,video8516,0.8735299999999998,0.8052400000000003
806,video8517,0.8460599999999999,0.7972900000000004
807,video8518,0.8560500000000003,0.7933700000000001
808,video8520,0.8489800000000004,0.76172
809,video8521,0.8540800000000001,0.7963800000000001
810,video8522,0.8312500000000003,0.8009200000000001
811,video8525,0.8622600000000002,0.7896
812,video8526,0.8501300000000004,0.7952300000000004
813,video8529,0.8484800000000002,0.7948400000000001
814,video8530,0.85268,0.7919800000000004
815,video8531,0.8493500000000002,0.79176
816,video8532,0.8430899999999997,0.77589
817,video8535,0.8545900000000003,0.79994
818,video8538,0.8594490909090912,0.7976100000000004
819,video8542,0.8522000000000005,0.7762100000000003
820,video8543,0.8623390909090912,0.8045200000000001
821,video8544,0.8487100000000004,0.7899200000000002
822,video8545,0.8399300000000003,0.7973300000000002
823,video8546,0.8473200000000004,0.7917000000000002
824,video8547,0.8456700000000004,0.7824500000000002
825,video8549,0.8380000000000004,0.7963700000000002
826,video8550,0.8399999999999999,0.8035300000000004
827,video8551,0.8396500000000002,0.79095
828,video8552,0.8548300000000002,0.7868900000000002
829,video8553,0.8576599999999999,0.7889299999999997
830,video8554,0.8672800000000004,0.79307
831,video8556,0.8504700000000004,0.7873300000000001
832,video8557,0.8526099999999999,0.7934600000000003
833,video8558,0.85084,0.8073900000000003
834,video8560,0.8478500000000002,0.7978700000000003
835,video8561,0.8576599999999999,0.7909899999999997
836,video8562,0.8423700000000003,0.7871300000000003
837,video8563,0.8445900000000002,0.7982500000000003
838,video8565,0.8455800000000003,0.7982000000000005
839,video8566,0.8450100000000005,0.7912800000000001
840,video8568,0.8601100000000007,0.777
841,video8572,0.8460900000000006,0.7810800000000002
842,video8573,0.85099,0.8108399999999999
843,video8575,0.8436800000000002,0.8008999999999996
844,video8576,0.8395400000000002,0.7929700000000005
845,video8577,0.8559399999999999,0.7865899999999998
846,video8578,0.8546600000000002,0.79168
847,video8579,0.8387100000000004,0.7948100000000002
848,video8580,0.8415299999999999,0.8124800000000002
849,video8581,0.8433799999999999,0.8121300000000005
850,video8582,0.86173,0.7905199999999997
851,video8583,0.8565200000000001,0.80362
852,video8584,0.8532000000000001,0.7792500000000001
853,video8585,0.8477200000000003,0.7926800000000002
854,video8586,0.8654000000000002,0.7879
855,video8587,0.8642100000000005,0.7816500000000001
856,video8588,0.8517300000000004,0.7709199999999999
857,video8590,0.8554100000000004,0.8046300000000001
858,video8591,0.8647300000000002,0.79404
859,video8592,0.8437800000000004,0.7794900000000001
860,video8593,0.8490599999999999,0.7723800000000004
861,video8594,0.8435399999999994,0.8025800000000001
862,video8595,0.8496800000000004,0.7770800000000002
863,video8596,0.8618900000000003,0.7915900000000002
864,video8597,0.8505100000000004,0.7972800000000003
865,video8598,0.8494299999999998,0.76996
866,video8600,0.8463600000000001,0.7813900000000001
867,video8601,0.8431200000000003,0.7738800000000005
868,video8602,0.8619700000000003,0.7912800000000003
869,video8603,0.8344000000000001,0.7208399999999999
870,video8604,0.8634600000000003,0.7698400000000002
871,video8605,0.8563800000000001,0.7969700000000003
872,video8606,0.8436600000000004,0.7693600000000003
873,video8607,0.8437600000000003,0.78097
874,video8609,0.8551500000000003,0.8069900000000001
875,video8611,0.8359800000000002,0.7841000000000006
876,video8613,0.86261,0.8151100000000003
877,video8614,0.8586099999999999,0.79968
878,video8615,0.8490100000000003,0.7964500000000002
879,video8616,0.8672800000000004,0.79307
880,video8618,0.8509700000000003,0.7972899999999999
881,video8619,0.8484200000000003,0.8067800000000003
882,video8621,0.8553099999999998,0.8126300000000001
883,video8622,0.8480800000000002,0.7952600000000003
884,video8623,0.85454,0.7832499999999999
885,video8624,0.8443500000000003,0.8024500000000003
886,video8625,0.8403600000000001,0.78188
887,video8628,0.8425700000000002,0.7934800000000005
888,video8629,0.8423690909090914,0.7879100000000006
889,video8630,0.8560400000000002,0.7984100000000001
890,video8631,0.8517600000000003,0.8087400000000002
891,video8632,0.8490700000000002,0.7552100000000002
892,video8633,0.8548300000000002,0.8106800000000004
893,video8635,0.8572400000000003,0.7882399999999999
894,video8636,0.8636500000000001,0.79033
895,video8637,0.8483900000000003,0.79132
896,video8638,0.8507300000000002,0.7873500000000003
897,video8640,0.8557500000000003,0.7996900000000001
898,video8641,0.8586899999999998,0.8063600000000004
899,video8642,0.84408,0.7933000000000002
900,video8643,0.8485900000000001,0.77939
901,video8644,0.8463099999999997,0.8081400000000005
902,video8646,0.8474100000000001,0.75465
903,video8647,0.83804,0.80546
904,video8648,0.8550699999999998,0.7833
905,video8649,0.8535300000000001,0.8014800000000002
906,video8650,0.8468300000000002,0.7960500000000004
907,video8652,0.8496300000000007,0.79986
908,video8653,0.8541300000000005,0.7796000000000002
909,video8654,0.8474300000000002,0.80443
910,video8655,0.8406899999999997,0.8049000000000004
911,video8657,0.8443400000000003,0.7696900000000001
912,video8658,0.8462399999999998,0.7912699999999999
913,video8659,0.8410400000000001,0.7939500000000002
914,video8660,0.8473300000000004,0.8075400000000004
915,video8661,0.8503800000000004,0.7514699999999996
916,video8663,0.8484100000000002,0.7976700000000004
917,video8664,0.8439300000000006,0.7856400000000003
918,video8665,0.8625200000000001,0.7877299999999999
919,video8667,0.8470200000000001,0.79885
920,video8668,0.8459600000000003,0.8031000000000003
921,video8669,0.8418700000000005,0.78643
922,video8670,0.8477999999999999,0.7727100000000005
923,video8671,0.8558200000000002,0.7897100000000004
924,video8672,0.8554,0.80749
925,video8673,0.8391600000000006,0.79781
926,video8674,0.8504900000000005,0.7888500000000002
927,video8676,0.8622300000000004,0.7673700000000001
928,video8677,0.8391100000000005,0.7797200000000002
929,video8678,0.8443000000000002,0.8060800000000004
930,video8679,0.8466800000000003,0.7802700000000005
931,video8680,0.8434200000000003,0.7875000000000004
932,video8683,0.8569199999999997,0.8153500000000001
933,video8684,0.8422700000000002,0.7911500000000004
934,video8685,0.8510900000000001,0.7782999999999999
935,video8687,0.8453100000000003,0.7829599999999999
936,video8689,0.8584899999999998,0.7866200000000003
937,video8691,0.8540300000000001,0.7943900000000003
938,video8692,0.84551,0.7996000000000003
939,video8693,0.8520200000000004,0.7907100000000002
940,video8694,0.8308399999999999,0.7296700000000002
941,video8695,0.8501100000000004,0.8049299999999999
942,video8696,0.8476299999999999,0.7920400000000005
943,video8698,0.8482,0.80428
944,video8700,0.8453600000000003,0.8050000000000003
945,video8701,0.8363700000000001,0.7756000000000002
946,video8702,0.8429400000000001,0.8096900000000001
947,video8704,0.8460400000000005,0.7822800000000002
948,video8705,0.8559399999999999,0.7865899999999998
949,video8708,0.8524,0.8122800000000003
950,video8709,0.8506600000000003,0.7851800000000001
951,video8710,0.8556399999999997,0.78858
952,video8711,0.8559399999999999,0.7865899999999998
953,video8713,0.8488100000000003,0.8209300000000003
954,video8714,0.8597500000000002,0.7913800000000006
955,video8717,0.8419190909090911,0.7773400000000004
956,video8718,0.8559399999999999,0.7862599999999997
957,video8719,0.8584600000000002,0.7807300000000003
958,video8720,0.8485599999999998,0.7916899999999998
959,video8722,0.8423000000000003,0.7949700000000002
960,video8723,0.8554,0.79939
961,video8724,0.8579400000000004,0.7793800000000002
962,video8725,0.8447100000000003,0.8046800000000001
963,video8726,0.8523499999999998,0.8144900000000006
964,video8727,0.8649000000000001,0.8092699999999999
965,video8729,0.8496100000000003,0.8060000000000005
966,video8730,0.839139090909091,0.8011200000000003
967,video8731,0.8527500000000002,0.78118
968,video8732,0.8563300000000001,0.7753699999999999
969,video8733,0.8481500000000003,0.7780800000000002
970,video8734,0.8590600000000005,0.77526
971,video8735,0.8470300000000002,0.8116999999999999
972,video8736,0.8526700000000004,0.8000800000000001
973,video8738,0.8608600000000002,0.78822
974,video8739,0.8391899999999999,0.8021100000000003
975,video8740,0.86433,0.7988200000000001
976,video8741,0.8547600000000003,0.79027
977,video8742,0.8543700000000001,0.7821000000000001
978,video8743,0.8544600000000002,0.7804000000000001
979,video8744,0.8612899999999999,0.8134800000000004
980,video8746,0.8397000000000001,0.7921300000000003
981,video8748,0.8435499999999999,0.7920200000000003
982,video8749,0.8497599999999998,0.7789500000000004
983,video8750,0.85256,0.7987799999999998
984,video8751,0.8672800000000004,0.79307
985,video8752,0.8510300000000005,0.76885
986,video8753,0.8518300000000002,0.7968200000000002
987,video8754,0.85449,0.7964299999999999
988,video8755,0.8496500000000003,0.7862500000000003
989,video8756,0.85335,0.8106400000000002
990,video8757,0.8627700000000001,0.79024
991,video8758,0.8452100000000005,0.7796100000000002
992,video8759,0.8545599999999999,0.8309400000000003
993,video8760,0.84205,0.7777799999999999
994,video8762,0.8519500000000003,0.7867900000000003
995,video8763,0.85626,0.7689
996,video8764,0.8430900000000001,0.7915800000000002
997,video8765,0.8432400000000002,0.78022
998,video8766,0.8447200000000005,0.7861200000000003
999,video8768,0.85003,0.7813400000000003
1000,video8770,0.8556699999999999,0.7885499999999998
1001,video8771,0.864699090909091,0.81265
1002,video8772,0.8556800000000004,0.7994800000000004
1003,video8774,0.8435300000000002,0.7908100000000001
1004,video8775,0.8326000000000002,0.7653
1005,video8776,0.8567399999999998,0.8082600000000001
1006,video8778,0.8525300000000001,0.8045900000000004
1007,video8779,0.8499500000000003,0.7748500000000003
1008,video8780,0.8364100000000002,0.7869499999999998
1009,video8781,0.8530600000000002,0.7707199999999998
1010,video8782,0.8454400000000003,0.7913300000000002
1011,video8783,0.8559399999999999,0.7865899999999998
1012,video8784,0.8434400000000007,0.7952300000000002
1013,video8785,0.8561600000000003,0.77213
1014,video8786,0.8449100000000003,0.7966600000000001
1015,video8788,0.8484100000000002,0.7988100000000002
1016,video8789,0.8641699999999999,0.8104200000000005
1017,video8790,0.8695399999999998,0.8163900000000005
1018,video8791,0.8362700000000003,0.7715399999999997
1019,video8792,0.8605600000000004,0.7714500000000004
1020,video8794,0.8537200000000006,0.7801900000000002
1021,video8795,0.8419500000000002,0.7949200000000001
1022,video8796,0.8493600000000002,0.8006300000000003
1023,video8797,0.8368800000000002,0.7753299999999996
1024,video8799,0.8577100000000002,0.7898300000000004
1025,video8800,0.8507400000000003,0.7881600000000002
1026,video8802,0.8418400000000001,0.8109600000000001
1027,video8803,0.84317,0.8075500000000002
1028,video8804,0.85985,0.79511
1029,video8805,0.8676399999999999,0.8203300000000006
1030,video8806,0.8405200000000004,0.7820600000000002
1031,video8807,0.8383600000000002,0.7886700000000003
1032,video8808,0.85657,0.7988000000000003
1033,video8810,0.8556500000000002,0.7603200000000001
1034,video8811,0.8418500000000003,0.7941600000000001
1035,video8813,0.8493900000000003,0.7810800000000002
1036,video8814,0.8389690909090909,0.8035400000000001
1037,video8815,0.8664300000000003,0.7983999999999999
1038,video8816,0.8457300000000002,0.7977300000000003
1039,video8817,0.8372400000000004,0.7891400000000003
1040,video8818,0.8341,0.8124100000000003
1041,video8819,0.8415,0.79597
1042,video8820,0.8561500000000004,0.7768000000000002
1043,video8821,0.8656200000000003,0.7833699999999998
1044,video8822,0.8538499999999998,0.8179700000000006
1045,video8825,0.8402400000000003,0.8062100000000002
1046,video8826,0.8508200000000002,0.7734800000000002
1047,video8827,0.8496700000000003,0.79376
1048,video8828,0.8469500000000003,0.8010900000000001
1049,video8829,0.8418500000000004,0.7957700000000004
1050,video8830,0.8589600000000001,0.80076
1051,video8833,0.8600300000000003,0.79738
1052,video8834,0.8546400000000002,0.8071900000000001
1053,video8835,0.84951,0.7795900000000002
1054,video8837,0.8445900000000002,0.78097
1055,video8838,0.8520400000000002,0.78197
1056,video8840,0.8489100000000002,0.8035000000000005
1057,video8842,0.8452700000000004,0.7987600000000001
1058,video8843,0.85945,0.8070499999999999
1059,video8845,0.86079,0.78027
1060,video8846,0.85228,0.8062300000000002
1061,video8849,0.8382800000000004,0.79635
1062,video8851,0.8392200000000001,0.8139200000000004
1063,video8852,0.8368300000000002,0.7719399999999997
1064,video8853,0.83647,0.7998400000000006
1065,video8855,0.8514800000000003,0.7995700000000003
1066,video8856,0.8448500000000003,0.7907000000000001
1067,video8858,0.8437000000000003,0.7857600000000001
1068,video8859,0.84803,0.7879900000000001
1069,video8860,0.8454000000000004,0.7967900000000001
1070,video8861,0.8547199999999999,0.8290700000000006
1071,video8862,0.8634700000000001,0.7988300000000004
1072,video8863,0.8632500000000001,0.7963399999999998
1073,video8865,0.8463900000000004,0.79908
1074,video8866,0.8559399999999999,0.7865899999999998
1075,video8868,0.8398700000000003,0.7751199999999996
1076,video8869,0.8541300000000007,0.7940300000000002
1077,video8870,0.8437400000000004,0.7799200000000003
1078,video8871,0.8443500000000003,0.8048200000000003
1079,video8872,0.8491700000000004,0.79386
1080,video8873,0.8402300000000003,0.7960200000000002
1081,video8874,0.8470400000000001,0.7702999999999998
1082,video8875,0.83942,0.8164000000000001
1083,video8876,0.8565699999999998,0.8006900000000003
1084,video8877,0.8618999999999999,0.8099000000000001
1085,video8878,0.8495800000000001,0.7992100000000002
1086,video8879,0.8576999999999996,0.7864299999999999
1087,video8881,0.8534700000000002,0.77306
1088,video8883,0.8439300000000002,0.77819
1089,video8885,0.8463099999999997,0.8081400000000005
1090,video8887,0.8520900000000003,0.8013100000000004
1091,video8888,0.8672800000000004,0.79307
1092,video8889,0.8462400000000007,0.7852700000000005
1093,video8890,0.8463400000000005,0.8103100000000001
1094,video8891,0.8622499999999998,0.8270500000000004
1095,video8892,0.8684700000000001,0.80569
1096,video8893,0.84205,0.7777799999999999
1097,video8894,0.8491700000000003,0.7991200000000002
1098,video8895,0.8462300000000005,0.80045
1099,video8896,0.8514800000000002,0.8022400000000005
1100,video8897,0.8525700000000002,0.7889500000000007
1101,video8900,0.8588000000000003,0.7842599999999998
1102,video8902,0.8553200000000004,0.7984500000000001
1103,video8903,0.8554,0.77306
1104,video8904,0.8366800000000003,0.7887500000000003
1105,video8905,0.8414900000000002,0.79239
1106,video8906,0.8517,0.7863400000000001
1107,video8907,0.86633,0.79702
1108,video8909,0.8518499999999998,0.7971100000000004
1109,video8910,0.8384400000000004,0.7778100000000002
1110,video8911,0.8506200000000003,0.7810300000000002
1111,video8912,0.8370799999999999,0.8073800000000004
1112,video8913,0.8460400000000005,0.7822800000000002
1113,video8914,0.84761,0.7904400000000004
1114,video8915,0.8572200000000001,0.7934700000000001
1115,video8916,0.85171,0.79191
1116,video8918,0.8500100000000002,0.8009999999999999
1117,video8920,0.86049,0.79086
1118,video8923,0.8580400000000005,0.7809
1119,video8924,0.8385600000000002,0.8068300000000002
1120,video8926,0.8507800000000002,0.7988999999999997
1121,video8928,0.8516600000000005,0.8229800000000002
1122,video8929,0.8492400000000002,0.82199
1123,video8930,0.86612,0.8275900000000006
1124,video8931,0.8556900000000002,0.8112800000000003
1125,video8932,0.8592300000000003,0.7874699999999999
1126,video8933,0.8541300000000005,0.7796000000000002
1127,video8934,0.8405700000000005,0.7819800000000003
1128,video8935,0.8427400000000003,0.7785900000000002
1129,video8937,0.8390000000000001,0.8009400000000005
1130,video8938,0.8459799999999998,0.7998300000000002
1131,video8940,0.8460900000000003,0.8018900000000002
1132,video8942,0.85441,0.7867200000000004
1133,video8944,0.8534200000000002,0.8169799999999999
1134,video8945,0.8460500000000001,0.80096
1135,video8946,0.8570699999999999,0.7884399999999999
1136,video8948,0.85244,0.7844400000000001
1137,video8949,0.86169,0.7915900000000002
1138,video8950,0.8503600000000003,0.7922500000000002
1139,video8952,0.8516000000000001,0.7781500000000001
1140,video8953,0.8386800000000004,0.7991300000000001
1141,video8954,0.8408900000000001,0.7845000000000004
1142,video8955,0.8563399999999998,0.7831600000000001
1143,video8956,0.8475200000000005,0.7794300000000001
1144,video8957,0.8580800000000001,0.78004
1145,video8959,0.8643300000000003,0.8089800000000001
1146,video8960,0.8489500000000004,0.8019400000000002
1147,video8961,0.8420400000000002,0.7914300000000003
1148,video8962,0.8446000000000001,0.7919600000000001
1149,video8963,0.84811,0.7618199999999998
1150,video8964,0.8397400000000005,0.7993000000000001
1151,video8965,0.8452800000000003,0.7967500000000004
1152,video8967,0.8360999999999998,0.8043300000000003
1153,video8968,0.86257,0.8192000000000002
1154,video8969,0.8482500000000002,0.7915000000000002
1155,video8970,0.8515799999999999,0.8028899999999999
1156,video8972,0.8498200000000005,0.8024800000000001
1157,video8973,0.8316200000000004,0.7933200000000002
1158,video8974,0.8485599999999998,0.7894699999999999
1159,video8976,0.85753,0.7782100000000001
1160,video8977,0.8564400000000006,0.7599199999999999
1161,video8978,0.8485599999999998,0.7916899999999998
1162,video8979,0.8495500000000004,0.8091700000000003
1163,video8980,0.8400599999999998,0.78196
1164,video8981,0.8423700000000003,0.7864200000000003
1165,video8983,0.8590000000000001,0.79844
1166,video8984,0.8412200000000002,0.7894700000000004
1167,video8985,0.8635600000000001,0.7982600000000002
1168,video8986,0.8517700000000004,0.7861400000000002
1169,video8987,0.83951,0.7800800000000001
1170,video8988,0.8508100000000005,0.7993500000000004
1171,video8989,0.8541900000000001,0.80539
1172,video8990,0.8537200000000006,0.7800500000000002
1173,video8992,0.8422590909090911,0.7617700000000001
1174,video8994,0.8419200000000001,0.8153800000000002
1175,video8995,0.8428200000000002,0.8048200000000003
1176,video8997,0.8614600000000001,0.7955199999999999
1177,video8998,0.8531800000000005,0.8059100000000003
1178,video8999,0.8483300000000001,0.79388
1179,video9000,0.84144,0.7901400000000003
1180,video9001,0.8410199999999997,0.8238000000000005
1181,video9003,0.8672800000000004,0.79307
1182,video9004,0.84872,0.7840299999999997
1183,video9005,0.8489600000000003,0.7905700000000003
1184,video9006,0.8489800000000001,0.8178400000000005
1185,video9007,0.8565800000000007,0.7763500000000003
1186,video9008,0.8541300000000005,0.7796000000000002
1187,video9009,0.8439600000000005,0.7728200000000004
1188,video9010,0.8639799999999999,0.8207800000000006
1189,video9011,0.8428200000000002,0.8048200000000003
1190,video9012,0.8460200000000003,0.7987000000000001
1191,video9013,0.8330200000000003,0.8006100000000004
1192,video9014,0.8510299999999998,0.7992900000000003
1193,video9016,0.8423400000000001,0.78136
1194,video9017,0.8455400000000003,0.8009000000000002
1195,video9018,0.8435700000000003,0.7821700000000004
1196,video9020,0.8622299999999998,0.81427
1197,video9022,0.8434400000000004,0.7866800000000005
1198,video9025,0.8590699999999997,0.8114700000000004
1199,video9026,0.8430800000000004,0.7864300000000004
1200,video9027,0.8514700000000002,0.7892999999999999
1201,video9028,0.8378500000000001,0.79798
1202,video9031,0.8470400000000005,0.8083900000000004
1203,video9032,0.85543,0.7933599999999998
1204,video9033,0.8545700000000003,0.7948700000000001
1205,video9034,0.8572000000000002,0.8138600000000002
1206,video9035,0.8483000000000004,0.78691
1207,video9037,0.8524700000000006,0.7704500000000003
1208,video9038,0.8517699999999999,0.7752099999999997
1209,video9039,0.8450290909090908,0.7956900000000005
1210,video9041,0.8543900000000002,0.8171100000000001
1211,video9042,0.8489000000000005,0.7827100000000001
1212,video9044,0.8572400000000002,0.7740800000000001
1213,video9045,0.8468600000000001,0.7774300000000003
1214,video9047,0.8542700000000006,0.7763600000000003
1215,video9048,0.8451700000000005,0.8032800000000003
1216,video9050,0.8559399999999999,0.7865899999999998
1217,video9052,0.8621800000000001,0.8190300000000001
1218,video9053,0.8602099999999999,0.81281
1219,video9055,0.8432500000000005,0.7981400000000004
1220,video9056,0.8474200000000006,0.7935900000000002
1221,video9057,0.8577999999999997,0.7946799999999997
1222,video9058,0.8362500000000003,0.77511
1223,video9059,0.8400800000000003,0.8025800000000001
1224,video9060,0.8514400000000001,0.8117200000000001
1225,video9061,0.85188,0.8044800000000003
1226,video9063,0.8483900000000004,0.7828400000000002
1227,video9064,0.8671999999999999,0.8324500000000004
1228,video9065,0.8461900000000003,0.8024500000000003
1229,video9066,0.8554900000000001,0.7923600000000002
1230,video9067,0.8468300000000002,0.8163300000000002
1231,video9068,0.8473800000000007,0.8092000000000003
1232,video9069,0.8624200000000003,0.7657700000000002
1233,video9070,0.8511500000000004,0.7996700000000003
1234,video9071,0.8388100000000006,0.7898100000000002
1235,video9072,0.8526299999999999,0.74745
1236,video9073,0.8363700000000001,0.7756000000000002
1237,video9074,0.85639,0.7905899999999998
1238,video9075,0.8449800000000003,0.7938200000000005
1239,video9076,0.84606,0.7616200000000001
1240,video9078,0.8461300000000003,0.8022100000000004
1241,video9079,0.8353090909090913,0.7727100000000005
1242,video9082,0.8529600000000004,0.8067600000000005
1243,video9083,0.8549200000000002,0.8008599999999998
1244,video9084,0.8614600000000001,0.79003
1245,video9086,0.8425599999999999,0.7993200000000001
1246,video9088,0.8559399999999999,0.7862599999999997
1247,video9089,0.85657,0.7910299999999998
1248,video9090,0.8554100000000002,0.7861500000000001
1249,video9091,0.8554400000000004,0.7794300000000001
1250,video9092,0.8563399999999998,0.7831600000000001
1251,video9093,0.8576799999999998,0.8047700000000002
1252,video9094,0.8701400000000002,0.7921900000000001
1253,video9095,0.8443500000000003,0.8011400000000003
1254,video9096,0.8469700000000004,0.7864600000000003
1255,video9097,0.85438,0.7971499999999999
1256,video9098,0.8601300000000001,0.80824
1257,video9100,0.86249,0.8154900000000005
1258,video9101,0.8548700000000001,0.8037600000000005
1259,video9102,0.8450000000000005,0.7994000000000002
1260,video9103,0.8542400000000003,0.7989800000000004
1261,video9105,0.8394200000000004,0.80915
1262,video9106,0.8534100000000002,0.8000900000000002
1263,video9107,0.85636,0.7889299999999997
1264,video9108,0.8406399999999999,0.7937200000000004
1265,video9109,0.8380300000000003,0.7941800000000001
1266,video9110,0.8351700000000002,0.7792199999999997
1267,video9112,0.8413100000000003,0.7914800000000005
1268,video9113,0.8519500000000005,0.76381
1269,video9114,0.8608100000000002,0.80997
1270,video9115,0.8534700000000002,0.8064299999999999
1271,video9116,0.8363700000000001,0.7781000000000001
1272,video9117,0.8470300000000003,0.8031600000000004
1273,video9118,0.8562300000000004,0.77326
1274,video9119,0.8408200000000002,0.7842600000000004
1275,video9120,0.8367400000000006,0.79322
1276,video9121,0.8441800000000002,0.8026600000000004
1277,video9123,0.8337700000000002,0.7628
1278,video9125,0.8461799999999999,0.7559300000000003
1279,video9127,0.8460400000000005,0.7824300000000002
1280,video9128,0.844439090909091,0.7847600000000002
1281,video9130,0.8435400000000002,0.8004500000000001
1282,video9131,0.8469200000000002,0.8041400000000003
1283,video9132,0.8298200000000002,0.8011800000000001
1284,video9133,0.8552499999999997,0.7775500000000001
1285,video9134,0.8424700000000003,0.8015900000000004
1286,video9135,0.8559399999999999,0.7862599999999997
1287,video9137,0.8429799999999996,0.7895800000000005
1288,video9138,0.8572000000000003,0.7924900000000002
1289,video9139,0.8449000000000002,0.7900400000000002
1290,video9140,0.83673,0.7935499999999999
1291,video9141,0.8663599999999997,0.8009600000000002
1292,video9142,0.8591200000000003,0.7894200000000002
1293,video9143,0.8581600000000003,0.7962
1294,video9145,0.8433700000000002,0.7824900000000001
1295,video9147,0.84836,0.8047500000000004
1296,video9150,0.8440200000000001,0.7848400000000002
1297,video9151,0.8518500000000006,0.80721
1298,video9152,0.8613600000000002,0.7838499999999999
1299,video9153,0.8514300000000005,0.7779700000000003
1300,video9155,0.8502200000000005,0.8027000000000001
1301,video9157,0.8479400000000001,0.7950500000000003
1302,video9158,0.8529500000000003,0.7862500000000003
1303,video9159,0.8326200000000002,0.82096
1304,video9160,0.8473099999999998,0.8028200000000004
1305,video9162,0.8463099999999997,0.8081400000000005
1306,video9163,0.8587300000000003,0.7945900000000001
1307,video9165,0.8496500000000003,0.7876300000000002
1308,video9166,0.8659199999999998,0.8030099999999998
1309,video9167,0.8419299999999998,0.8021300000000002
1310,video9168,0.8428200000000002,0.8012000000000004
1311,video9169,0.8517800000000001,0.7980600000000001
1312,video9170,0.8484000000000002,0.8131600000000004
1313,video9171,0.8647600000000001,0.7666500000000002
1314,video9172,0.8383099999999998,0.7916200000000003
1315,video9174,0.8423200000000005,0.7701500000000001
1316,video9175,0.8555100000000008,0.7810100000000003
1317,video9176,0.8449500000000002,0.8113600000000001
1318,video9177,0.85013,0.81609
1319,video9179,0.84404,0.8094400000000005
1320,video9180,0.8368800000000002,0.7737399999999995
1321,video9181,0.8459999999999998,0.7909299999999999
1322,video9183,0.8372600000000004,0.7774800000000001
1323,video9184,0.8571300000000005,0.8090499999999998
1324,video9185,0.8504400000000004,0.79732
1325,video9186,0.8571300000000005,0.7709300000000003
1326,video9187,0.8397599999999997,0.8055700000000005
1327,video9188,0.8517300000000004,0.8127100000000003
1328,video9190,0.8443100000000002,0.7834900000000005
1329,video9191,0.8464800000000003,0.7839200000000003
1330,video9192,0.8522000000000003,0.79926
1331,video9193,0.8519299999999999,0.7959099999999998
1332,video9194,0.8432900000000002,0.7943600000000002
1333,video9197,0.8631199999999997,0.8055999999999999
1334,video9198,0.8384190909090915,0.7718900000000004
1335,video9202,0.8499000000000002,0.8081400000000002
1336,video9203,0.8518300000000002,0.79039
1337,video9204,0.8531899999999999,0.7875299999999998
1338,video9205,0.8616499999999999,0.7962700000000001
1339,video9206,0.8554,0.77306
1340,video9207,0.8491100000000006,0.81098
1341,video9208,0.8399800000000002,0.8089500000000004
1342,video9209,0.8484300000000001,0.7364099999999999
1343,video9210,0.85557,0.7883499999999998
1344,video9211,0.8474100000000001,0.7968700000000003
1345,video9212,0.8476500000000005,0.7865000000000005
1346,video9213,0.8462600000000005,0.7962400000000001
1347,video9214,0.8666299999999998,0.8057099999999998
1348,video9215,0.84931,0.7779700000000003
1349,video9216,0.8527100000000004,0.7948800000000005
1350,video9217,0.8548000000000008,0.8147300000000002
1351,video9218,0.8495400000000001,0.7532300000000001
1352,video9219,0.8470800000000003,0.7765500000000003
1353,video9220,0.8385499999999999,0.79023
1354,video9221,0.8581300000000002,0.78522
1355,video9222,0.8478300000000005,0.7778200000000003
1356,video9223,0.8513200000000003,0.7978200000000001
1357,video9224,0.8508300000000001,0.78212
1358,video9225,0.8482700000000003,0.7983199999999999
1359,video9226,0.8463099999999997,0.8081400000000005
1360,video9227,0.8409900000000001,0.7828600000000003
1361,video9228,0.8558400000000002,0.77313
1362,video9229,0.8438400000000003,0.80696
1363,video9230,0.8591899999999998,0.8215399999999999
1364,video9231,0.84816,0.7783000000000004
1365,video9232,0.8537300000000003,0.7922900000000004
1366,video9234,0.8498900000000005,0.7824800000000003
1367,video9235,0.84843,0.8218399999999998
1368,video9236,0.8241,0.7960600000000005
1369,video9239,0.8481400000000001,0.77783
1370,video9240,0.847409090909091,0.7926700000000002
1371,video9241,0.84602,0.80503
1372,video9242,0.8624100000000001,0.78982
1373,video9243,0.84235,0.7965300000000005
1374,video9245,0.8456900000000006,0.7858500000000003
1375,video9246,0.8478800000000003,0.7947500000000001
1376,video9247,0.8331400000000003,0.8233000000000003
1377,video9248,0.8427790909090915,0.7892800000000002
1378,video9249,0.8499200000000003,0.7875900000000002
1379,video9250,0.8498000000000004,0.7792500000000002
1380,video9251,0.8481000000000003,0.8008400000000003
1381,video9252,0.8353700000000004,0.7796599999999998
1382,video9253,0.8435300000000002,0.7908100000000001
1383,video9254,0.8559399999999999,0.7865899999999998
1384,video9255,0.86511,0.8125399999999999
1385,video9256,0.8411700000000002,0.7987299999999999
1386,video9257,0.8460400000000005,0.7824300000000002
1387,video9258,0.8567699999999999,0.79751
1388,video9259,0.8487600000000002,0.7757700000000003
1389,video9260,0.8447700000000004,0.8053900000000003
1390,video9261,0.8427400000000003,0.7946800000000003
1391,video9262,0.85968,0.8045
1392,video9263,0.8408300000000001,0.7852800000000002
1393,video9266,0.8643499999999997,0.8179900000000004
1394,video9268,0.8477200000000003,0.7929800000000004
1395,video9269,0.8423200000000003,0.8008500000000004
1396,video9270,0.8398100000000003,0.8115100000000003
1397,video9271,0.85493,0.7914999999999998
1398,video9273,0.8632500000000002,0.8081000000000003
1399,video9275,0.8421700000000003,0.7790600000000002
1400,video9276,0.8368800000000002,0.7753299999999996
1401,video9277,0.8570400000000007,0.7833000000000002
1402,video9278,0.8414000000000003,0.7965800000000004
1403,video9280,0.8585600000000001,0.81198
1404,video9282,0.8476600000000003,0.7688500000000001
1405,video9283,0.8608700000000001,0.7846599999999999
1406,video9284,0.8511700000000003,0.7963600000000004
1407,video9288,0.8403300000000005,0.7830000000000003
1408,video9289,0.8506800000000001,0.79425
1409,video9290,0.8470900000000001,0.7959999999999999
1410,video9291,0.8607200000000005,0.7787800000000001
1411,video9292,0.8539000000000001,0.7847499999999998
1412,video9293,0.8556800000000006,0.7848800000000002
1413,video9294,0.8590700000000002,0.7872900000000002
1414,video9295,0.8524200000000002,0.7806800000000002
1415,video9296,0.8559500000000003,0.8071300000000002
1416,video9297,0.8602900000000001,0.7939300000000002
1417,video9298,0.8382200000000002,0.7830800000000003
1418,video9299,0.8422200000000004,0.8004600000000002
1419,video9300,0.8606199999999999,0.7930299999999997
1420,video9301,0.8299300000000003,0.7950200000000001
1421,video9302,0.8456100000000001,0.8024600000000003
1422,video9303,0.8464000000000003,0.7999900000000004
1423,video9304,0.8607599999999997,0.8045999999999996
1424,video9305,0.8522100000000005,0.7626
1425,video9307,0.8661800000000003,0.7949400000000001
1426,video9309,0.85981,0.78229
1427,video9310,0.8462800000000006,0.7938600000000001
1428,video9311,0.8500099999999999,0.7887400000000002
1429,video9312,0.8508200000000002,0.7834
1430,video9313,0.8485700000000004,0.7978600000000001
1431,video9315,0.8428500000000002,0.7817700000000002
1432,video9316,0.8639800000000002,0.7670399999999999
1433,video9317,0.8427,0.7439799999999999
1434,video9318,0.8541699999999999,0.8087199999999999
1435,video9319,0.8473500000000002,0.7955500000000003
1436,video9321,0.8502500000000001,0.7914000000000003
1437,video9322,0.8445400000000005,0.78827
1438,video9323,0.8468099999999998,0.80612
1439,video9324,0.8622000000000003,0.78574
1440,video9327,0.8317700000000001,0.7884400000000003
1441,video9328,0.8496100000000001,0.79714
1442,video9329,0.8507000000000001,0.7706600000000001
1443,video9330,0.8579800000000003,0.7896500000000002
1444,video9331,0.8551399999999998,0.7810600000000001
1445,video9333,0.8468000000000002,0.79988
1446,video9334,0.8460600000000005,0.7842900000000002
1447,video9335,0.8378200000000001,0.8120499999999999
1448,video9337,0.8315300000000001,0.7330899999999998
1449,video9339,0.8526400000000001,0.7912200000000001
1450,video9341,0.857129090909091,0.8028300000000002
1451,video9342,0.8338500000000004,0.7975800000000001
1452,video9343,0.8506800000000002,0.7920200000000002
1453,video9344,0.8436300000000001,0.7784400000000002
1454,video9345,0.8570600000000002,0.79507
1455,video9347,0.8551300000000001,0.8067000000000002
1456,video9348,0.8622390909090911,0.8164
1457,video9349,0.8581700000000002,0.7768000000000002
1458,video9350,0.8459800000000004,0.8082700000000003
1459,video9353,0.8474499999999999,0.7909299999999999
1460,video9354,0.83899,0.7990700000000001
1461,video9356,0.8532000000000004,0.7938100000000001
1462,video9357,0.8565100000000001,0.78509
1463,video9358,0.8480200000000001,0.8008600000000001
1464,video9359,0.8397900000000003,0.78356
1465,video9360,0.8388800000000001,0.7859900000000003
1466,video9361,0.8496900000000004,0.7760700000000003
1467,video9362,0.8513700000000004,0.8023200000000003
1468,video9365,0.8446900000000004,0.7871300000000003
1469,video9366,0.84667,0.7955500000000003
1470,video9367,0.8442100000000002,0.8124800000000004
1471,video9368,0.8456200000000003,0.7900600000000004
1472,video9369,0.85561,0.8168000000000001
1473,video9370,0.8469300000000003,0.8041400000000003
1474,video9371,0.8580699999999999,0.78677
1475,video9372,0.84945,0.80509
1476,video9373,0.8440600000000004,0.7966200000000002
1477,video9374,0.8438899999999999,0.8008
1478,video9375,0.8580300000000001,0.8050900000000002
1479,video9376,0.8322700000000002,0.77819
1480,video9377,0.8399899999999999,0.8165000000000002
1481,video9379,0.8531300000000003,0.7952600000000003
1482,video9380,0.83982,0.7954100000000003
1483,video9381,0.8391100000000005,0.7908100000000001
1484,video9382,0.8579399999999999,0.7883999999999999
1485,video9385,0.8376900000000002,0.7839400000000003
1486,video9386,0.8477000000000002,0.7879200000000003
1487,video9387,0.8443500000000003,0.8014900000000003
1488,video9388,0.8559399999999999,0.7865899999999998
1489,video9389,0.85084,0.7886100000000001
1490,video9390,0.8322600000000006,0.7918000000000005
1491,video9391,0.8667199999999998,0.8258800000000005
1492,video9392,0.8589000000000004,0.7709500000000001
1493,video9393,0.84966,0.8111700000000005
1494,video9394,0.8452500000000004,0.8151200000000003
1495,video9395,0.8361399999999999,0.7792100000000002
1496,video9396,0.8352299999999999,0.7832100000000005
1497,video9397,0.86665,0.76926
1498,video9398,0.8562500000000003,0.7734800000000002
1499,video9399,0.856,0.7927799999999998
1500,video9400,0.8435400000000004,0.7863300000000002
1501,video9402,0.8524100000000001,0.7925800000000004
1502,video9403,0.85142,0.7819700000000003
1503,video9404,0.8588899999999997,0.8243700000000004
1504,video9405,0.8507600000000005,0.7996100000000003
1505,video9406,0.8461800000000003,0.7830700000000003
1506,video9407,0.85996,0.7995599999999997
1507,video9408,0.8665299999999998,0.8256400000000003
1508,video9409,0.8466200000000004,0.7959700000000002
1509,video9412,0.8484100000000002,0.7996700000000004
1510,video9414,0.8577800000000001,0.8085800000000003
1511,video9415,0.8506700000000006,0.7790900000000001
1512,video9416,0.8487000000000002,0.7894800000000004
1513,video9417,0.8501000000000003,0.7708800000000002
1514,video9419,0.85639,0.7865899999999998
1515,video9420,0.8427700000000001,0.7877500000000004
1516,video9421,0.8527799999999999,0.7917099999999999
1517,video9422,0.8551600000000001,0.7724600000000003
1518,video9423,0.8441800000000002,0.79247
1519,video9424,0.8435300000000002,0.7908100000000001
1520,video9425,0.8530700000000002,0.78987
1521,video9426,0.85639,0.7876599999999998
1522,video9427,0.8480300000000005,0.7794400000000001
1523,video9428,0.8441100000000001,0.7942100000000005
1524,video9430,0.85639,0.7869299999999998
1525,video9431,0.8428200000000002,0.7897600000000002
1526,video9432,0.8505399999999999,0.7686800000000001
1527,video9433,0.8512400000000002,0.7924700000000005
1528,video9434,0.8446900000000003,0.8012800000000001
1529,video9435,0.8465300000000002,0.7552100000000002
1530,video9437,0.8467400000000005,0.7799900000000002
1531,video9438,0.8365899999999997,0.7893700000000001
1532,video9439,0.8526199999999998,0.7951900000000002
1533,video9440,0.8573300000000005,0.7691199999999998
1534,video9441,0.8457200000000004,0.8180700000000002
1535,video9443,0.8318099999999998,0.80732
1536,video9445,0.8482100000000001,0.79616
1537,video9446,0.8342800000000002,0.7904700000000005
1538,video9448,0.8575100000000002,0.80088
1539,video9449,0.85628,0.7961299999999999
1540,video9450,0.8484100000000003,0.7926000000000003
1541,video9451,0.8483399999999996,0.7895899999999998
1542,video9452,0.8332000000000002,0.7655799999999999
1543,video9453,0.8522600000000001,0.8041400000000004
1544,video9454,0.8613100000000005,0.7811199999999999
1545,video9455,0.8445300000000003,0.7847800000000003
1546,video9456,0.8559399999999999,0.7865899999999998
1547,video9457,0.8424000000000003,0.8019800000000004
1548,video9460,0.862439090909091,0.8035799999999998
1549,video9461,0.8559399999999999,0.7865899999999998
1550,video9462,0.8517200000000004,0.7735800000000004
1551,video9463,0.8508500000000003,0.8111200000000003
1552,video9464,0.8469999999999996,0.8193900000000006
1553,video9465,0.8404800000000003,0.7882400000000003
1554,video9466,0.8463300000000005,0.7984700000000003
1555,video9468,0.8441099999999999,0.80336
1556,video9469,0.8595200000000003,0.7906700000000003
1557,video9470,0.8529399999999999,0.7711799999999998
1558,video9472,0.8552200000000002,0.8084
1559,video9473,0.8526500000000001,0.7613299999999998
1560,video9474,0.8538200000000002,0.80057
1561,video9475,0.8472199999999996,0.8228400000000005
1562,video9476,0.8462400000000001,0.8066800000000005
1563,video9477,0.8531400000000002,0.7849999999999997
1564,video9478,0.86563,0.8097600000000001
1565,video9479,0.8534500000000002,0.7833100000000005
1566,video9480,0.86187,0.8008800000000005
1567,video9481,0.8312900000000005,0.7810100000000001
1568,video9483,0.8464300000000002,0.7976800000000004
1569,video9484,0.8437399999999998,0.7971000000000005
1570,video9485,0.8524800000000002,0.7810500000000004
1571,video9486,0.8528800000000004,0.8155199999999999
1572,video9487,0.8496800000000003,0.7795100000000003
1573,video9488,0.8489,0.8055100000000004
1574,video9490,0.8464800000000001,0.7965799999999998
1575,video9492,0.8460700000000001,0.8120000000000002
1576,video9493,0.8586100000000001,0.7894700000000003
1577,video9495,0.8442500000000003,0.7935400000000002
1578,video9496,0.85083,0.78404
1579,video9497,0.8473700000000002,0.8010300000000004
1580,video9499,0.8462100000000001,0.7858600000000002
1581,video9500,0.8616499999999999,0.7898400000000001
1582,video9501,0.8432400000000002,0.7900300000000001
1583,video9502,0.8570200000000004,0.7715599999999999
1584,video9503,0.8559399999999999,0.7865899999999998
1585,video9504,0.8527000000000002,0.8142500000000003
1586,video9505,0.8537699999999999,0.7702599999999998
1587,video9506,0.8524100000000004,0.7726100000000002
1588,video9507,0.8522799999999995,0.7974800000000001
1589,video9508,0.8480500000000001,0.7905600000000002
1590,video9509,0.8591799999999998,0.8001800000000001
1591,video9510,0.8485200000000003,0.7716099999999999
1592,video9511,0.8616900000000001,0.7814700000000001
1593,video9512,0.8554,0.77306
1594,video9513,0.8551599999999999,0.7919699999999997
1595,video9515,0.8658199999999998,0.8137400000000006
1596,video9516,0.8553300000000003,0.7649600000000001
1597,video9517,0.8601799999999997,0.8054899999999998
1598,video9518,0.8428200000000002,0.8048200000000003
1599,video9519,0.8360500000000003,0.7879900000000002
1600,video9521,0.8465200000000002,0.7944300000000005
1601,video9522,0.8571700000000001,0.76937
1602,video9523,0.8410900000000003,0.8051400000000002
1603,video9524,0.8416300000000004,0.81396
1604,video9525,0.8545,0.74217
1605,video9526,0.8556590909090914,0.8164900000000003
1606,video9527,0.8609100000000004,0.8036500000000001
1607,video9528,0.8441600000000004,0.78807
1608,video9529,0.85338,0.7883800000000002
1609,video9530,0.8404100000000002,0.7890500000000003
1610,video9531,0.8563399999999998,0.7831600000000001
1611,video9532,0.8501700000000002,0.7764
1612,video9533,0.8581300000000001,0.8009700000000002
1613,video9534,0.86064,0.8103600000000002
1614,video9535,0.8442700000000001,0.7874599999999998
1615,video9536,0.8480099999999999,0.8162200000000003
1616,video9537,0.8545900000000001,0.7900499999999998
1617,video9538,0.8390700000000004,0.7740199999999998
1618,video9541,0.8476200000000003,0.8042800000000002
1619,video9542,0.8460600000000005,0.7810800000000002
1620,video9543,0.8376600000000002,0.7715399999999997
1621,video9544,0.84842,0.7802900000000002
1622,video9545,0.8400200000000002,0.7855400000000001
1623,video9546,0.8516800000000003,0.8073800000000001
1624,video9547,0.8489400000000004,0.7895500000000003
1625,video9548,0.8432900000000001,0.8149400000000003
1626,video9549,0.8563100000000005,0.7784299999999998
1627,video9550,0.8448200000000002,0.8050499999999999
1628,video9551,0.8553100000000003,0.8025999999999999
1629,video9552,0.8440800000000003,0.79309
1630,video9553,0.8356400000000004,0.7821800000000002
1631,video9554,0.8643200000000002,0.7946899999999999
1632,video9555,0.8492000000000002,0.8127300000000004
1633,video9556,0.8418200000000005,0.7843700000000002
1634,video9557,0.8516600000000001,0.7995800000000002
1635,video9558,0.8465100000000002,0.75888
1636,video9559,0.8633600000000001,0.79857
1637,video9560,0.8460400000000005,0.7824300000000002
1638,video9561,0.8539700000000005,0.8098200000000001
1639,video9562,0.8412200000000003,0.7879499999999999
1640,video9564,0.8548500000000003,0.7894300000000001
1641,video9565,0.8456400000000002,0.7994800000000005
1642,video9566,0.85639,0.7895899999999998
1643,video9567,0.8672300000000002,0.80124
1644,video9568,0.8463099999999997,0.8081400000000005
1645,video9571,0.8491500000000005,0.81182
1646,video9572,0.8533499999999999,0.7693499999999998
1647,video9573,0.8549699999999999,0.8002700000000001
1648,video9574,0.8496500000000001,0.7850300000000001
1649,video9575,0.855739090909091,0.8170200000000003
1650,video9576,0.8363700000000001,0.7751
1651,video9577,0.8345400000000001,0.8087099999999999
1652,video9582,0.8447200000000005,0.7927000000000004
1653,video9583,0.8394100000000002,0.8202100000000001
1654,video9584,0.8505700000000003,0.7877500000000004
1655,video9585,0.8483600000000002,0.7764800000000003
1656,video9586,0.8477200000000005,0.7948799999999998
1657,video9587,0.8533800000000004,0.78983
1658,video9588,0.8439100000000002,0.7884800000000003
1659,video9589,0.8566700000000002,0.8189500000000001
1660,video9590,0.83597,0.7967900000000004
1661,video9591,0.8437200000000006,0.7805500000000002
1662,video9592,0.8429400000000002,0.8040700000000003
1663,video9593,0.8516500000000005,0.77117
1664,video9595,0.85639,0.7872599999999998
1665,video9596,0.86309,0.8180700000000002
1666,video9598,0.8629900000000004,0.7839300000000002
1667,video9599,0.8344300000000002,0.7956500000000003
1668,video9600,0.8560199999999999,0.8075600000000001
1669,video9601,0.85256,0.8001200000000004
1670,video9602,0.8518600000000002,0.8085900000000004
1671,video9604,0.8483000000000004,0.8000500000000004
1672,video9605,0.84796,0.7861300000000004
1673,video9606,0.8529300000000005,0.7669499999999999
1674,video9607,0.8448699999999998,0.8045300000000002
1675,video9608,0.8461800000000003,0.8090000000000004
1676,video9609,0.8614299999999999,0.8222700000000002
1677,video9610,0.8496600000000004,0.7774500000000002
1678,video9611,0.8519000000000001,0.8182700000000002
1679,video9612,0.8525900000000002,0.7800299999999999
1680,video9613,0.82479,0.72844
1681,video9614,0.8472800000000003,0.8001600000000001
1682,video9615,0.8507900000000003,0.79019
1683,video9618,0.8379299999999997,0.8021399999999999
1684,video9619,0.8536900000000003,0.8001000000000001
1685,video9620,0.8403100000000003,0.7751
1686,video9621,0.8490200000000004,0.7762800000000002
1687,video9623,0.8508300000000003,0.7822100000000002
1688,video9624,0.8483700000000005,0.81487
1689,video9625,0.86222,0.8241600000000004
1690,video9627,0.8660199999999999,0.80975
1691,video9628,0.84807,0.7858200000000002
1692,video9630,0.8631100000000004,0.7894700000000001
1693,video9631,0.8382200000000003,0.7784199999999997
1694,video9632,0.8627400000000003,0.7707900000000001
1695,video9633,0.8678199999999998,0.80803
1696,video9634,0.8549700000000005,0.76217
1697,video9635,0.8485,0.8278000000000005
1698,video9636,0.8673600000000001,0.7948500000000003
1699,video9637,0.8469300000000003,0.8029200000000004
1700,video9638,0.8582900000000001,0.7943600000000001
1701,video9639,0.8533300000000001,0.77974
1702,video9640,0.8460400000000005,0.7824300000000002
1703,video9641,0.8470000000000003,0.7842200000000006
1704,video9642,0.8428300000000002,0.8059600000000002
1705,video9643,0.85521,0.80905
1706,video9645,0.8355000000000001,0.7632299999999997
1707,video9646,0.8609100000000008,0.7860400000000002
1708,video9647,0.8519200000000001,0.7858700000000002
1709,video9648,0.8376800000000002,0.7932600000000001
1710,video9649,0.8562400000000001,0.7742800000000001
1711,video9650,0.8474500000000004,0.7895600000000002
1712,video9651,0.8573099999999999,0.7992299999999999
1713,video9652,0.8491100000000003,0.78376
1714,video9653,0.8585500000000001,0.7827200000000002
1715,video9654,0.8504800000000001,0.7932100000000001
1716,video9655,0.8473500000000003,0.7967800000000004
1717,video9656,0.8672800000000004,0.79307
1718,video9657,0.8523099999999999,0.8058300000000002
1719,video9658,0.8555999999999997,0.78393
1720,video9659,0.8556290909090911,0.8142500000000003
1721,video9660,0.8310200000000003,0.78398
1722,video9661,0.8647900000000003,0.7723700000000002
1723,video9662,0.86054,0.79947
1724,video9663,0.8460400000000005,0.7822800000000002
1725,video9665,0.8587200000000001,0.77772
1726,video9667,0.8388200000000002,0.7894100000000005
1727,video9668,0.8435300000000003,0.78739
1728,video9670,0.8506300000000002,0.7901100000000005
1729,video9671,0.8526100000000002,0.7688199999999997
1730,video9672,0.8581500000000005,0.7807200000000003
1731,video9673,0.85165,0.7477299999999998
1732,video9674,0.8303900000000002,0.789
1733,video9675,0.8463500000000004,0.7997700000000004
1734,video9676,0.8413300000000002,0.7971200000000002
1735,video9677,0.84722,0.8120299999999999
1736,video9679,0.85639,0.7862599999999997
1737,video9680,0.8486900000000003,0.7667800000000001
1738,video9681,0.8568500000000001,0.7748600000000002
1739,video9683,0.8430800000000002,0.79899
1740,video9684,0.8405300000000007,0.7984
1741,video9685,0.8565900000000003,0.8114800000000005
1742,video9686,0.83318,0.7883700000000001
1743,video9687,0.8616900000000001,0.79155
1744,video9688,0.8581100000000005,0.7993000000000002
1745,video9689,0.8529000000000003,0.7901800000000003
1746,video9690,0.8503000000000004,0.8091600000000001
1747,video9691,0.8642499999999997,0.8148800000000004
1748,video9692,0.8575000000000003,0.7959700000000001
1749,video9693,0.8436100000000001,0.7848099999999998
1750,video9694,0.8548700000000005,0.8216499999999999
1751,video9695,0.85441,0.7866399999999998
1752,video9698,0.8378600000000003,0.8166700000000001
1753,video9699,0.8566300000000002,0.7999500000000002
1754,video9701,0.8573200000000003,0.77346
1755,video9702,0.8336,0.8125100000000003
1756,video9703,0.84871,0.7946100000000001
1757,video9704,0.8482400000000001,0.8020400000000001
1758,video9705,0.8408300000000001,0.8082000000000003
1759,video9706,0.8436700000000005,0.7745100000000004
1760,video9707,0.8555000000000001,0.79641
1761,video9708,0.8607800000000003,0.7676500000000002
1762,video9709,0.8554599999999998,0.7780400000000001
1763,video9710,0.8532900000000002,0.8070700000000005
1764,video9711,0.8663299999999999,0.7744800000000002
1765,video9712,0.8441600000000001,0.7877000000000001
1766,video9714,0.8442500000000004,0.78584
1767,video9715,0.8555200000000001,0.7751100000000002
1768,video9716,0.8601399999999996,0.8174400000000006
1769,video9717,0.8404800000000001,0.8025900000000005
1770,video9718,0.8450500000000002,0.8015000000000002
1771,video9719,0.8428200000000002,0.8048200000000003
1772,video9720,0.8516300000000006,0.7731900000000002
1773,video9723,0.8565800000000003,0.7865100000000003
1774,video9725,0.8561500000000004,0.7854100000000003
1775,video9729,0.8499900000000005,0.8248000000000001
1776,video9730,0.8463099999999997,0.8081400000000005
1777,video9731,0.8628000000000005,0.7907100000000001
1778,video9732,0.84679,0.7822499999999999
1779,video9733,0.8475400000000005,0.7746400000000004
1780,video9736,0.8550200000000001,0.7973600000000005
1781,video9737,0.8428800000000001,0.8049499999999999
1782,video9738,0.8487100000000001,0.795
1783,video9739,0.8672800000000004,0.79307
1784,video9740,0.8463099999999997,0.8081400000000005
1785,video9741,0.8394900000000001,0.7977400000000001
1786,video9742,0.8670599999999997,0.8211500000000004
1787,video9743,0.8568500000000001,0.7920300000000001
1788,video9744,0.8573900000000002,0.8023599999999999
1789,video9745,0.8437600000000002,0.7987099999999999
1790,video9746,0.8428200000000002,0.8048200000000003
1791,video9747,0.8448699999999998,0.7836799999999999
1792,video9748,0.8560600000000003,0.80036
1793,video9749,0.84839,0.77841
1794,video9751,0.8472699999999999,0.79085
1795,video9752,0.8548199999999997,0.8232000000000005
1796,video9753,0.8453400000000002,0.7885800000000002
1797,video9754,0.8681900000000005,0.7903199999999999
1798,video9755,0.8346400000000003,0.7818500000000002
1799,video9756,0.8552200000000002,0.8084
1800,video9757,0.8548500000000003,0.8064800000000002
1801,video9758,0.8422400000000002,0.7945700000000002
1802,video9760,0.8548600000000002,0.7837600000000002
1803,video9762,0.8408900000000001,0.7875200000000003
1804,video9764,0.8485700000000003,0.7988099999999999
1805,video9765,0.846289090909091,0.81158
1806,video9766,0.8460700000000001,0.8008600000000002
1807,video9767,0.8446499999999998,0.8067100000000004
1808,video9768,0.86023,0.78801
1809,video9769,0.8389900000000006,0.7905900000000002
1810,video9771,0.8485600000000004,0.7853800000000003
1811,video9772,0.85722,0.7920200000000003
1812,video9773,0.8515000000000005,0.7754700000000002
1813,video9776,0.8454,0.7869300000000001
1814,video9778,0.8635600000000001,0.79055
1815,video9779,0.8570800000000002,0.7985200000000002
1816,video9780,0.8503300000000005,0.7656400000000001
1817,video9781,0.8411400000000004,0.79224
1818,video9782,0.8377900000000003,0.8010300000000007
1819,video9783,0.8547600000000003,0.7907800000000003
1820,video9785,0.8559799999999999,0.78294
1821,video9786,0.8566599999999999,0.7793100000000002
1822,video9787,0.8486299999999997,0.8280100000000006
1823,video9788,0.8532000000000002,0.7953300000000002
1824,video9789,0.8554700000000004,0.7660899999999998
1825,video9790,0.8597100000000001,0.78298
1826,video9792,0.8623899999999999,0.8165200000000001
1827,video9793,0.8520500000000004,0.7781900000000002
1828,video9795,0.8460600000000005,0.7841400000000002
1829,video9796,0.8478600000000002,0.8058500000000005
1830,video9797,0.8388599999999999,0.7997000000000003
1831,video9799,0.8525400000000005,0.7935200000000002
1832,video9801,0.8471599999999998,0.8073700000000004
1833,video9802,0.8405300000000007,0.7956000000000003
1834,video9803,0.8516900000000004,0.76515
1835,video9805,0.8547800000000003,0.7929300000000005
1836,video9806,0.8366500000000001,0.7996600000000003
1837,video9807,0.8363700000000001,0.7756000000000002
1838,video9808,0.8555400000000004,0.7914
1839,video9809,0.8467500000000002,0.7981300000000003
1840,video9810,0.8638190909090911,0.81357
1841,video9812,0.8473500000000004,0.7912400000000003
1842,video9813,0.8592300000000003,0.80255
1843,video9815,0.8538800000000001,0.8225900000000002
1844,video9816,0.8447900000000003,0.7995200000000005
1845,video9819,0.8452290909090914,0.7767600000000001
1846,video9820,0.8571800000000002,0.7957100000000003
1847,video9821,0.8456900000000003,0.7895300000000005
1848,video9822,0.8524500000000002,0.7965099999999999
1849,video9823,0.8512200000000001,0.7893400000000003
1850,video9824,0.8458300000000003,0.7798600000000002
1851,video9825,0.84919,0.7917000000000003
1852,video9826,0.8435600000000002,0.8000500000000005
1853,video9827,0.8559199999999998,0.8049600000000001
1854,video9828,0.8481400000000001,0.7887500000000003
1855,video9829,0.8612100000000005,0.7925700000000003
1856,video9831,0.84524,0.8047600000000003
1857,video9832,0.8410390909090912,0.7829200000000002
1858,video9833,0.8435300000000002,0.7908100000000001
1859,video9834,0.8428300000000003,0.7874700000000001
1860,video9835,0.8412200000000004,0.7638900000000001
1861,video9838,0.8586100000000003,0.77589
1862,video9839,0.8551100000000003,0.7728299999999999
1863,video9840,0.8329000000000003,0.7822000000000001
1864,video9842,0.8438700000000003,0.78534
1865,video9843,0.8363700000000001,0.7756000000000002
1866,video9844,0.8574500000000002,0.7877000000000001
1867,video9845,0.8597800000000001,0.7920200000000002
1868,video9846,0.8463099999999997,0.8081400000000005
1869,video9847,0.8501700000000001,0.7935000000000002
1870,video9848,0.8354500000000005,0.7905900000000006
1871,video9849,0.8486500000000001,0.7942299999999999
1872,video9850,0.8347700000000002,0.7802
1873,video9851,0.85972,0.7896
1874,video9852,0.8450799999999995,0.80078
1875,video9853,0.8563399999999998,0.7831600000000001
1876,video9854,0.8529290909090911,0.7975
1877,video9855,0.8456900000000002,0.7724300000000004
1878,video9856,0.8639100000000003,0.8002699999999998
1879,video9857,0.8424900000000001,0.7990100000000001
1880,video9858,0.8367000000000001,0.7410899999999997
1881,video9859,0.8400800000000004,0.7806899999999998
1882,video9860,0.85399,0.77471
1883,video9861,0.8650999999999999,0.8235600000000006
1884,video9862,0.8390400000000001,0.8087100000000003
1885,video9864,0.8460500000000003,0.8008200000000003
1886,video9870,0.8544999999999999,0.7914799999999999
1887,video9871,0.8468400000000001,0.7818800000000001
1888,video9872,0.8541300000000005,0.7796000000000002
1889,video9873,0.8519500000000002,0.8038000000000001
1890,video9874,0.84745,0.7685599999999999
1891,video9875,0.8500000000000004,0.7753000000000003
1892,video9876,0.8672800000000004,0.79307
1893,video9877,0.8560400000000001,0.7894900000000001
1894,video9878,0.84328,0.7853800000000004
1895,video9879,0.8347200000000001,0.8120100000000002
1896,video9881,0.8549200000000003,0.8064599999999998
1897,video9883,0.8403800000000003,0.7706900000000002
1898,video9884,0.8489700000000002,0.7945400000000004
1899,video9885,0.85458,0.8069600000000001
1900,video9888,0.8438500000000003,0.8099299999999999
1901,video9889,0.8366100000000002,0.7618699999999999
1902,video9890,0.8557100000000003,0.7979799999999999
1903,video9891,0.8459100000000003,0.7650000000000001
1904,video9892,0.85063,0.8166200000000003
1905,video9893,0.8479200000000001,0.7751200000000001
1906,video9894,0.8469900000000002,0.7913100000000004
1907,video9895,0.8559399999999999,0.7862599999999997
1908,video9896,0.8432800000000001,0.8107800000000003
1909,video9897,0.8634200000000005,0.7838100000000001
1910,video9898,0.8478500000000002,0.7978700000000003
1911,video9900,0.8356100000000004,0.7787499999999997
1912,video9901,0.8502100000000002,0.7911100000000002
1913,video9903,0.861049090909091,0.8115000000000004
1914,video9904,0.8484200000000003,0.8048200000000003
1915,video9905,0.8566499999999999,0.81293
1916,video9906,0.8548700000000002,0.7635799999999996
1917,video9907,0.8405900000000002,0.7800400000000005
1918,video9908,0.85449,0.8024100000000004
1919,video9909,0.8536699999999999,0.8032300000000001
1920,video9913,0.8598100000000004,0.7778500000000002
1921,video9914,0.8305999999999999,0.7279900000000002
1922,video9915,0.8487699999999998,0.7526800000000002
1923,video9917,0.8374100000000004,0.7739000000000001
1924,video9918,0.8563500000000004,0.7765199999999999
1925,video9920,0.85758,0.7735800000000002
1926,video9923,0.8483800000000001,0.7494699999999999
1927,video9925,0.8543300000000003,0.7954400000000004
1928,video9926,0.8559399999999999,0.7865899999999998
1929,video9927,0.85819,0.7935200000000003
1930,video9928,0.85464,0.7879999999999999
1931,video9929,0.8632600000000005,0.7937799999999998
1932,video9930,0.84567,0.7749100000000001
1933,video9931,0.8556699999999998,0.8107000000000001
1934,video9932,0.8560800000000002,0.79594
1935,video9935,0.8416900000000003,0.8015200000000003
1936,video9936,0.8544799999999999,0.7864599999999997
1937,video9938,0.8635400000000001,0.78762
1938,video9939,0.8681699999999999,0.8026800000000002
1939,video9940,0.83895,0.78868
1940,video9942,0.848829090909091,0.78979
1941,video9943,0.8564700000000003,0.8019200000000001
1942,video9944,0.8571700000000003,0.8013500000000003
1943,video9945,0.8477000000000001,0.77252
1944,video9946,0.8486300000000001,0.7888000000000003
1945,video9948,0.8463099999999997,0.8081400000000005
1946,video9949,0.8443700000000001,0.8049799999999999
1947,video9950,0.8475800000000002,0.7957600000000005
1948,video9951,0.8578800000000001,0.78864
1949,video9952,0.8547400000000005,0.7640499999999999
1950,video9954,0.8555100000000002,0.7891900000000001
1951,video9956,0.8469400000000005,0.7835100000000003
1952,video9957,0.86055,0.80027
1953,video9958,0.8413700000000004,0.79125
1954,video9959,0.84236,0.7770600000000001
1955,video9960,0.8515200000000003,0.8065400000000003
1956,video9961,0.8373600000000002,0.7948800000000005
1957,video9963,0.8556100000000003,0.7706500000000002
1958,video9964,0.8577000000000002,0.80999
1959,video9965,0.8406800000000003,0.80297
1960,video9966,0.8304100000000001,0.7761499999999998
1961,video9967,0.8571599999999998,0.7831600000000001
1962,video9968,0.85572,0.7940499999999997
1963,video9969,0.8407800000000002,0.7867700000000003
1964,video9970,0.85524,0.8011100000000003
1965,video9971,0.8428200000000002,0.8014900000000003
1966,video9972,0.8634599999999999,0.8040700000000005
1967,video9974,0.8472800000000005,0.7796900000000002
1968,video9975,0.8375900000000004,0.7787800000000005
1969,video9976,0.8452100000000001,0.76866
1970,video9977,0.8513400000000004,0.7865500000000002
1971,video9980,0.8436899999999997,0.7461199999999999
1972,video9981,0.85063,0.7840300000000004
1973,video9982,0.8529800000000004,0.7639
1974,video9983,0.8430200000000003,0.8029699999999999
1975,video9984,0.85527,0.7919200000000002
1976,video9985,0.8482400000000001,0.7910100000000004
1977,video9986,0.8460200000000007,0.7912500000000005
1978,video9987,0.8457700000000004,0.8026100000000003
1979,video9988,0.84883,0.8025500000000001
1980,video9989,0.8390999999999997,0.81649
1981,video9990,0.84723,0.78719
1982,video9991,0.8554999999999999,0.7868299999999998
1983,video9992,0.8499800000000002,0.7978899999999999
1984,video9993,0.8562599999999999,0.7850799999999997
1985,video9994,0.8442299999999999,0.7473099999999999
1986,video9995,0.8628800000000002,0.7912700000000001
1987,video9996,0.8385900000000003,0.7835700000000001
1988,video9997,0.8621100000000002,0.8010899999999999
1989,video9998,0.8477999999999999,0.7723800000000004
1990,video9999,0.8385200000000005,0.79518
1991,video10000,0.8425300000000001,0.8069100000000005
1992,video10001,0.8443500000000003,0.7903800000000004
1993,video10002,0.8438,0.7893400000000002
1994,video10003,0.8564200000000004,0.8060700000000003
1995,video10004,0.8388,0.79405
1996,video10005,0.8491000000000005,0.8027400000000001
1997,video10006,0.8613699999999999,0.8212300000000002
1998,video10007,0.8432400000000007,0.7828300000000005
1999,video10008,0.8477600000000001,0.7910500000000001
